lifestyle,Genus,Species name,valid description or effective publication (DOI of most recent or most relevant record),Type strain,year of effective or valid publication,source of isolation,Genome size (Mbp),GC content,"Phylogenetic group (Duar et al., 2017)",Fermentation type,Genome Accession Number Type Strain,"Alternative genome used for analyses, if applicable",proposed new genus name,proposed new species name,RNA RefSeq Targeted Loci Project,16S rRNA accession no,Remarks
,Convivina,Convivina intestini,,,,,,,,,QEKT00000000,,,,,,
,Fructobacillus,Fructobacillus durionis,,,,,,,,, FOLI00000000,,,,,,
,Fructobacillus,Fructobacillus ficulneus,,,,,,,,,BBXQ00000000,,,,,,
,Fructobacillus,Fructobacillus fructosus,,,,,,,,,JQBH00000000,,,,,,
,Fructobacillus,Fructobacillus tropaeoli,,,,,,,,,BBXT00000000,,,,,,
,Fructobacillus ,Fructobacillus pseudoficulneus,,,,,,,,,FNWS00000000,,,,,,
unknown,Lactobacillus,Lactobacillus jinshani,10.1007/s10482-019-01316-1,HSLZ-75T = CICC 6269T-= JCM 33270T),2019,vinegar mash,2.33,41.7,n/a,HE,CP034726,,Acetilactobacillus,Acetilactobacillus jinshanensis,,KT783533,
free living,Lactobacillus,Lactobacillus composti,10.1099/ijs.0.64743-0,DSM 18527 = JCM 14202 = NRIC 0689,2007,Composting material of distilled shochu residue,3.47,43.95,L. composti,HO,AZGA00000000,,Agrilactobacillus,Agrilactobacillus composti,NR_041509.1,AB268118,
Free Living,Lactobacillus,Lactobacillus yilanensis,10.1099/ijsem.0.003609,54-2T (=NCIMB 15154T=CCM 8896T=KCTC 21120T=LMG 31058T),2019,Pickle,2.83,40.1,L. composti,Ho,RHOY00000000,,Agrilactobacillus,Agrilactobacillus yilanensis,,MK110806,
unknown,Lactobacillus,Lactobacillus amylophilus,10.1099/ijs.0.64463-0,ATCC 49845= CCUG 30137 = CIP 102988 = DSM 20533 = IFO (now NBRC) 15881 = JCM 1125 = LMG 6900 = NCAIM B.01457 = NRRL B-4437 = NRRL B-4476,1981,Swine waste-corn fermentation,1.56,43.61,L. amylophilus,HO,AYYS00000000,,Amylolactobacillus,Amylolactobacillus amylophilus,NR_044702.2, M58806,
unknown,Lactobacillus,Lactobacillus amylotrophicus,10.1099/ijs.0.64463-0,DSM 20534 = JCM 1124 = LMG 11400 = NRRL B-4436,2006,Swine waste-corn fermentation,1.55,43.59,L. amylophilus,HO,,,Amylolactobacillus,Amylolactobacillus amylotrophicus,NR_042511.1,AM236149,genome sequence mislabeled (=L. amylophilus)
Insect,Lactobacillus,Lactobacillus apinorum,10.1099/ijs.0.059600-0,Fhon13N=DSM 26257=CCUG 63287,2014,Honey stomach of the honeybee,1.46,34.9,L. kunkeei,HE,JXCT00000000,,Apilactobacillus,Apilactobacillus apinorum,NR_126247.1,JX099541,
Insect,Lactobacillus,Lactobacillus kosoi,10.1007/s10482-018-1019-7,10H = NBRC 113063 = BCRC 81100,2018,"koso, a Japanese sugar-vegetable fermented beverage",1.42,30.5,L. kunkeei,HE,BEXE01000000,,Apilactobacillus,Apilactobacillus kosoi,NR_159092.1,LC_318484,
Insect,Lactobacillus,Lactobacillus kunkeei,10.1046/j.1365-2672.1998.00399.x,YH-15 = ATCC 700308= DSM 12361 = JCM 16173,1998,Commercial grape wine,1.52,36.43,L. kunkeei,HE,AZCK00000000,,Apilactobacillus,Apilactobacillus kunkeei,NR_026404.1,Y11374,
Insect,Lactobacillus,Lactobacillus micheneri,10.1099/ijsem.0.002758,Hlig3=DSM 104126=NRRL B-65473,2018,Wild bees and flowers,1.46,30.5,L. kunkeei,HE,POSO00000000,,Apilactobacillus,Apilactobacillus micheneri,,KT833121,
Insect,Lactobacillus,Lactobacillus ozensis,10.1099/ijs.0.027847-0,Mizu2-1 = DSM 23829 = JCM 17196,2011,"Chrysanthemum, Oze National Park",1.48,31.93,L. kunkeei,HE,AYYQ00000000,,Apilactobacillus,Apilactobacillus ozensis,NR_113194.1, AB572588,
Insect,Lactobacillus,Lactobacillus quenuiae,10.1099/ijsem.0.002758,HV_6=DSM 104127=NRRL B-65474,2018,Wild bees and flowers,1.58,30.3,L. kunkeei,HE,POSN00000000,,Apilactobacillus,Apilactobacillus quenuiae,,KX656667,
Insect,Lactobacillus ,Lactobacillus timberlakei,10.1099/ijsem.0.002758,HV_12=DSM 104128=NRRL B-65472,2018,Wild bees and flowers,1.54,30.5,L. kunkeei,HE,POST00000000,,Apilactobacillus,Apilactobacillus timberlakei,,KX656650,
Insect,Lactobacillus,Lactobacillus bombi,10.1099/ijs.0.063602-0,BTLCH M1/2=DSM 26517=CCM 8440,2014,Digestive tract of laboratory-reared bumblebee queens,1.84,34.7,L.  mellis,HO,,    CP031513,Bombilactobacillus,Bombilactobacillus bombi,NR_134065.1,KJ078643,
Insect,Lactobacillus,Lactobacillus mellifer,10.1099/ijs.0.059600-0,Bin4N=DSM 26254=CCUG 63291,2014,Honey stomach of the honeybee Apis mellifera,1.82,39.5,L. mellis,HO,JXJQ00000000,,Bombilactobacillus,Bombilactobacillus mellifer,NR_126248.1,JX099543,
Insect,Lactobacillus,Lactobacillus mellis,10.1099/ijs.0.059600-0,Hon2N=DSM 26255=CCUG 63289,2014,Honey stomach of the honeybee Apis mellifera,1.81,36.4,L. mellis,HO,JXBZ00000000,,Bombilactobacillus,Bombilactobacillus mellis,NR_126249.1,JX099545,
unknown,Lactobacillus,Lactobacillus alimentarius,10.1016/S0723-2020(83)80055-1,ATCC 29643= CCUG 30672 = CIP 102986 = DSM 20249 = JCM 1095 = LMG 9187,1970,Marinated fish product,2.34,35.4,L. alimentarius,HO,AZDQ00000000,,Companilactobacillus,Companilactobacillus alimentarius,NR_044701.2,M58804,
unknown,Lactobacillus,Lactobacillus allii,10.1099/ijsem.0.002327,WiKim39=KCTC 21077=JCM 31938,2017,Scallion kimchi,2.51,35.3,L. alimentarius,HO,CP019323,,Companilactobacillus,Companilactobacillus allii,NR_044701.2,NR_159082,
unknown,Lactobacillus,Lactobacillus baiquanensis,10.1099/ijsem.0.003609,184-8T (=NCIMB 15152T=CCM 8895T=KCTC 21131T,2019,pickle,2.24,34.6,L. alimentarius,HO,RHOQ00000000,,Companilactobacillus,Companilactobacillus baiquanensis,NR_159082.1,MK110828,
unknown,Lactobacillus,Lactobacillus bobalius,10.1099/ijs.0.65695-0,203 = CECT 7310 = DSM 19674 = JCM 16180,2008,grape variety Bobal,2.88,35.3,L. alimentarius,HO,AZDY00000000,,Companilactobacillus,Companilactobacillus bobalius,NR_025045.1,AY681134,
unknown,Lactobacillus,Lactobacillus crustorum,10.1099/ijs.0.64836-0,CCUG 53174 = JCM 15951 = LMG 23699,2007,Wheat sourdough,2.22,35,L. alimentarius,HO,AZDB00000000,,Companilactobacillus,Companilactobacillus crustorum,NR_042533.1,AM285450,
unknown,Lactobacillus,Lactobacillus farciminis,10.1016/S0723-2020(83)80055-1,ATCC 29644= DSM 20184 = CCUG 30671 = CIP 103136 = JCM 1097 = LMG 9200 = NRRL B-4566,1970,Sausage,2.48,36.38,L. alimentarius,HO,AZDR00000000,,Companilactobacillus,Companilactobacillus farciminis,NR_044707.2,M58817,
unknown,Lactobacillus,Lactobacillus formosensis,10.1099/ijs.0.070938-0,S215=NBRC 109509=BCRC 80582,2015,Fermented soybean meal,2.47,35.5,L. alimentarius,HO,QWDI00000000,,Companilactobacillus,Companilactobacillus formosensis,, AB794060 ,
unknown,Lactobacillus,Lactobacillus furfuricola,10.1099/ijs.0.063933-0,Nu 27=JCM 18764=NRIC 0900=DSM 27174,2014,Rice bran paste,2.64,38.6,L. alimentarius,HO,RHNT00000000,,Companilactobacillus,Companilactobacillus furfuricola,NR_126193.1,AB910349,
unknown,Lactobacillus,Lactobacillus futsaii ssp. chongquingii,10.1007/s00284-018-1601-2,CQ16Z1T (= CCTCC AB2017187T = KCTC 21089T).,2019,"Fu-tsai, a traditional fermented mustard product",2.53,,L. alimentarius,HO,,,Companilactobacillus,Companilactobacillus futsaii,NR_117973.1,KY242444,Not validly described
unknown,Lactobacillus,Lactobacillus futsaii ssp. futsaii,10.1099/ijs.0.030619-0,YM 0097 = BCRC 80278 = JCM 17355,2012,"Fu-tsai, a traditional fermented mustard product",2.53,35.6,L. alimentarius,HO,AZDO00000000,,Companilactobacillus,Companilactobacillus futsaii,NR_117973.1,HQ322270,
unknown,Lactobacillus,Lactobacillus ginsenosidimutans,10.1007/s10482-012-9868-y,EMML 3041T = KACC 15420T = DSM24154T,2013,Kimchi,2.59,36.7,L. alimentarius,HO,CP012034,,Companilactobacillus,Companilactobacillus ginsenosidimutans,NR_132607.1,HQ389549,
unknown,Lactobacillus,Lactobacillus halodurans,10.1016/j.syapm.2019.126023,TMW1.2172T = DSM109452T = LMG31402T,2019,Fermented sausages,2.84,35.8,L. alimentarius,HO,VDFP00000000,,Companilactobacillus,Companilactobacillus halodurans,,MK968448,
unknown,Lactobacillus,Lactobacillus heilongjiangensis,10.1099/ijs.0.053355-0,S4-3=LMG 26166=NCIMB 1470=DSM 28069T,2013,Chinese pickle,2.79,37.5,L. alimentarius,HO,CP012559,,Companilactobacillus,Companilactobacillus heilongjiangensis,NR_109370.1,JF411966,
unknown,Lactobacillus,Lactobacillus huachuanensis ,10.1099/ijsem.0.003563,395-6.2 = CCM8927 = NCIMB 15188 =  LMG 31179,2019,Pickle,3.02,36.4,L. alimentarius,Ho,BJDF00000000,,Companilactobacillus,Companilactobacillus huachuanensis ,,LC438522.1,
unknown,Lactobacillus,Lactobacillus hulinensis,10.1099/ijsem.0.003609,"8-1(1)T (=NCIMB 15156T
=CCM 8898T=KCTC 21115T=LMG 31047T),",2019,pickle,2.35,36.7,L. alimentarius,HO,RHOO00000000,,Companilactobacillus,Companilactobacillus hulinensis,,MK110830,
unknown,Lactobacillus,Lactobacillus insicii,10.1099/ijsem.0.000705,TMW 1.2011T=CECT 8802T=DSM 29801T.,2016,Pork salami,2.54,34.9,L. alimentarius,HO,RHNU00000000,,Companilactobacillus,Companilactobacillus insicii,NR_147740.1,KP677494,
unknown,Lactobacillus,Lactobacillus jidongensis,10.1099/ijsem.0.003609,204-8T = LMG31054T = NCIMB15159T = CCM8900T = KCTC21133T = LMG31054T,2019,Pickle,2.71,36.5,L. alimentarius,Ho,RHOP00000000,,Companilactobacillus,Companilactobacillus jidongensis,,MK110829,
unknown,Lactobacillus,Lactobacillus kedongensis,10.1099/ijsem.0.003609,116-2T =LMG31051T = NCIMB 15158T = CCM 8899T = KCTC 21124T,2019,pickle,2.27,36.2,L. alimentarius,HO,RHOR00000000,,Companilactobacillus,Companilactobacillus kedongensis,,MK110817,
unknown,Lactobacillus,Lactobacillus keshanensis,10.1099/ijsem.0.003609,"33-7T (=NCIMB 15153T=CCM 8936T
=KCTC 21118T=LMG 31166T),",2019,pickle,2.30,35.6,L. alimentarius,HO,RHOS00000000,,Companilactobacillus,Companilactobacillus keshanensis,,MK110816,
unknown,Lactobacillus,Lactobacillus kimchiensis,10.1099/ijs.0.037572-0,L133 = DSM 24716 = JCM 17702 = KACC 15533,2013,Kimchi,2.70,35.48,L. alimentarius,HO,JQCF00000000,,Companilactobacillus,Companilactobacillus kimchiensis,,HQ906500,
unknown,Lactobacillus,Lactobacillus metriopterae,10.1099/ijsem.0.002694,Hime 5-1=JCM 31635=DSM 103730,2018,gut of grasshopper Metrioptera engelhardti,1.50,32.8,L. alimentarius,HO,RSTD00000000,,Companilactobacillus,Companilactobacillus metriopterae,,LC190736,
unknown,Lactobacillus,Lactobacillus mindensis,10.1099/ijs.0.02202-0,TMW 1.80T = CCUG 48642T = DSM 14500T = JCM 12532T = LMG 21508T,2003,Sourdough,2.34,38.21,L. alimentarius,HO,AZEZ00000000,,Companilactobacillus,Companilactobacillus mindensis,NR_028949.1,AJ313530,
unknown,Lactobacillus,Lactobacillus mishanensis,10.1099/ijsem.0.003609,256-3T (=NCIMB 15160T=CCM 8901T=LMG 31048T),2019,pickle,2.47,36.6,L. alimentarius,HO,RHON00000000,,Companilactobacillus,Companilactobacillus mishanensis,,MK110831 ,
unknown,Lactobacillus,Lactobacillus musae,10.1099/ijsem.0.002429,313=NBRC 112868=BCRC 81020,2017,Banana fruits,2.35,34.6,L. alimentarius,HO,BIFW00000000,,Companilactobacillus,Companilactobacillus musae,NR_159230.1,LC184607,
unknown,Lactobacillus,Lactobacillus nantensis,10.1099/ijs.0.63619-0,LP33 = TMW 1.1265 = CIP 108546 = DSM 16982 = JCM 16171,2006,Wheat sourdough,2.91,36.18,L. alimentarius,HO,AZFV00000000,,Companilactobacillus,Companilactobacillus nantensis,NR_043114.1,AY690834,
unknown,Lactobacillus,Lactobacillus nodensis,10.1099/ijs.0.65772-0,iz4b-1 = DSM 19682 = JCM 14932,2009,Japanese pickles,2.68,37.57,L. alimentarius,HO,AZDZ00000000,,Companilactobacillus,Companilactobacillus nodensis,NR_041629.1,AB332024,
unknown,Lactobacillus,Lactobacillus nuruki,10.1099/ijsem.0.002976,SYF10-1a= KACC 18726 = NBRC 112011,2018,nuruk (=cereals),2.58,34.2,L. alimentarius,HO,NIPR00000000,,Companilactobacillus,Companilactobacillus nuruki,,MG786754,
unknown,Lactobacillus,Lactobacillus paralimentarius,10.1099/00207713-49-4-1451,TB 1 = CCUG 43349 = CIP 106794 = DSM 13238 = JCM 10415 = LMG 19152,1999,Sourdough,2.55,35.1,L. alimentarius,HO,AZES00000000,,Companilactobacillus,Companilactobacillus paralimentarius,,AB018528,
unknown,Lactobacillus,Lactobacillus salsicarnum,10.1016/j.syapm.2019.126023,TMW 1.2098T =  DSM 109451T =  LMG 31401T,2019,Fermented sausages,2.43,36.6,L. alimentarius,HO,VDFN00000000,,Companilactobacillus,Companilactobacillus salsicarnum,,MK968446,
unknown,Lactobacillus,Lactobacillus terrae,10.1099/ijsem.0.002918,NIBRBAC000499792 = KCTC 21093 = JCM 32269,2018,"Soil sample at Jukgye, Dongnam, Republic of Korea",1.55,33.1,L. alimentarius,HO,CP024610,,Companilactobacillus,Companilactobacillus metriopterae,,,later synonym  of L. metriopterae
unknown,Lactobacillus,Lactobacillus algidus,10.1099/00207713-50-3-1143,M6A9 = CIP 106688 = JCM 10491,2000,Vacuum-packed beef,1.59,36.03,L. algidus,HO,AZDI00000000,,Dellaglioa,Dellaglioa algida,NR_028617.1,AB033209,
unknown,Lactobacillus,Lactobacillus tucceti,10.1016/j.syapm.2005.09.006,R 19cT = CECT 5920T = DSM 20183T = JCM 18037T,2006,Sausage,2.17,34.07,L. alimentarius,HO,AZDG00000000,,Companilactobacillus,Companilactobacillus tucceti,NR_042194.1,AJ576006,
unknown,Lactobacillus,Lactobacillus versmoldensis,10.1099/ijs.0.02387-0,KU-3 = ATCC BAA-478 = DSM 14857 = JCM 16174 = NCCB 100034,2003,Poultry salami,2.37,38.27,L. alimentarius,HO,AZFA00000000,,Companilactobacillus,Companilactobacillus versmoldensis,NR_028990.1,AJ496791,
unknown,Lactobacillus,Lactobacillus zhachilii,10.1099/ijsem.0.003362,HBUAS52074T (=GDMCC1.1417T=KCTC21106T),2019,pickles mustard stem,2.71,36.3,L. alimentarius,HO,CP031933,,Companilactobacillus,Companilactobacillus zhachilii,,MH392835,
unknown,Lactobacillus,Lactobacillus zhongbaensis,10.1099/ijsem.0.003609,M1575T (=NCIMB 15149T=CCM 8892T=LMG 31045T),2019,pickle,3.04,39.4,L. alimentarius,HO,RHOM00000000,,Companilactobacillus,Companilactobacillus zhongbaensis,,MK110832,
unknown,Lactobacillus ,Lactobacillus kimchii,10.1099/00207713-50-5-1789,MT-1077 = ATCC BAA-131 = CCUG 45370 = CIP 107019 = DSM 13961 = JCM 10707 = KCTC 8903P,2000,"Kimchi, a Korean fermented-vegetable food",2.74,35.1,L. alimentarius,HO,AZDH00000000,,Companilactobacillus,Companilactobacillus kimchii,NR_025045.1,AF183558,
unknown,Lactobacillus ,Lactobacillus suantsaicola,10.1099/IJSEM.0.003522,R7T=BCRC 81127T=NBRC 113530T,2019,"suan tsai, fermented vegetables",2.60,36.9,L. alimentarius,Ho,RKLY00000000,,Companilactobacillus,Companilactobacillus suantsaicola,,MH810311,
insect,Lactobacillus,Lactobacillus florum,10.1099/ijs.0.019067-0,F9-1 = DSM 22689 = JCM 16035 = NRIC 0771,2010,Peony (Paeonia suffruticosa),1.35,41.14,L. fructivorans,HE,AYZI00000000,,Fructilactobacillus,Fructilactobacillus florum,NR_112911.1,AB498045,
insect,Lactobacillus,Lactobacillus fructivorans,10.1016/S0723-2020(83)80008-3,ATCC 8288= CCUG 32260 = CIP 103042 = DSM 20203 = IFO (now NBRC) 13954 = JCM 1117 = LMG 9201 = NRRL B-1841,1934,N/A,1.37,38.88,L. fructivorans,HE,AZDS00000000,,Fructilactobacillus,Fructilactobacillus fructivorans,NR_036789.1,NR_036789,
insect,Lactobacillus,Lactobacillus homohiochii,10.2323/jgam.3.111,,1957,Spoiled sake,1.39,38.85,L. fructivorans,HO,JQBN00000000,,Fructilactobacillus,Fructilactobacillus fructivorans,NR_036789.1,,later synonym of L. fructivorans
insect,Lactobacillus,Lactobacillus ixorae,10.1099/ijsem.0.001547,Ru20-1=LMG 29008=NBRC 111239=PCU 346=TISTR 2381,2016,Flower (West-Indian jasmine),,47.8,L. fructivorans,HE,,,Fructilactobacillus,Fructilactobacillus ixorae,NR_153713.1,LC094494,
insect,Lactobacillus,Lactobacillus lindneri,10.1016/S0723-2020(96)80058-0,KPA = CIP 102983 = DSM 20690 = JCM 11027 = LMG 14528,1901,Spoiled beer,1.44,34.14,L. fructivorans,HE,JQBT00000000,,Fructilactobacillus,Fructilactobacillus lindneri,NR_029308.2,X95421,
insect,Lactobacillus,Lactobacillus sanfranciscensis,10.1016/S0723-2020(84)80024-7,L-12 = ATCC 27651= CCUG 30143 = CIP 103252 = DSM 20451 = JCM 5668 = LMG 16002 = NRRL B-3934,1971,Sourdough,1.23,34.7,L. fructivorans,HE,AYYM00000000,,Fructilactobacillus,Fructilactobacillus sanfranciscensis,NR_029261.2,X76327,
insect,Lactobacillus,Lactobacillus vespulae,10.1099/ijsem.0.000420,DCY75=KCTC 21023=JCM 19742,2015,Gut of a queen wasp,,35.5,L. fructivorans,HE,,,Fructilactobacillus,Fructilactobacillus vespulae,NR_137386.1,JX863367,
unknown,Lactobacillus,Lactobacillus curtus,10.1099/ijsem.0.002220,VTT E-94560=JCM 31185,2017,Beer,,43,L. rossiae-L.siliginis,HE,,,Furfurilactobacillus,Furfurilactobacillus curtus,NR_158108.1,LC093898,
unknown,Lactobacillus,Lactobacillus rossiae,10.1099/ijs.0.63075-0,CS1 = ATCC BAA-822 = DSM 15814 = JCM 16176,2005,Wheat sourdough,2.87,43.34,L. rossiae-L.siliginis,HE,AZFF00000000,,Furfurilactobacillus,Furfurilactobacillus rossiae,NR_029014.1,AJ564009,
unknown,Lactobacillus,Lactobacillus siliginis,10.1099/ijs.0.64321-0,M1-212 = JCM 16155 = KCTC 3985 = NBRC 101315,2006,Wheat sourdough,2.07,44.08,L. rossiae-L.siliginis,HE,JQCB00000000,,Furfurilactobacillus,Furfurilactobacillus siliginis,NR_104681.1,AB370882,
unknown,Lactobacillus,Lactobacillus floricola,10.1099/ijs.0.022988-0,Ryu1-2 = DSM 23037 = JCM 16512 = NRIC 0774,2011,Flower of Caltha palustris,1.29,34.53,L. floricola,HO,AYZL00000000,,Holzapfelia,Holzapfelia floricola,NR_113001.1,AB523780,
unknown,Lactobacillus,Lactobacillus baoqingensis,10.1099/ijsem.0.003474,CCM 8903T=LMG 31064T,2019,Chinese traditional pickle ,2.86,50.9,L. casei,HO,RHOI00000000,,Lacticaseibacillus,Lacticaseibacillus baoqingensis,,MK110840,
unknown,Lactobacillus,Lactobacillus brantae,10.1099/ijs.0.033852-0,SL1108 = ATCC BAA-2142 = DSM 23927 = LMG 26001,2012,Faeces of Canada goose,1.93,47.48,L. casei,HO,AYZQ00000000,,Lacticaseibacillus,Lacticaseibacillus brantae,NR_125575.1,HQ022861,
unknown,Lactobacillus,Lactobacillus camelliae,10.2323/jgam.53.7,MCH3-1 = BCC 21233 = JCM 13995 = NRIC 0672,2007,Fermented tea leaves (miang),2.57,55.39,L. casei,HO,AYZJ00000000,,Lacticaseibacillus,Lacticaseibacillus camelliae,NR_041457.1,AB257864,
nomadic,Lactobacillus,Lactobacillus casei,10.1099/00207713-21-1-69,"Orla-Jensen 7 (""Streptobacterium casei"") = Hucker03 = OrlandL-323 = Tittsler303 = ATCC 393= BCRC (formerly CCRC) 10697 = CECT 475 = CIP 103137 = DSM 20011 = IAM 12473 = JCM 1134 = KCTC 3109 = LMG 6904 = NBRC (formerly IFO) 15883 = NCIMB 11970 (NCDO 161) = NRRL B-1922",1916,Cheese,2.83,46.45,L. casei,HO,BALS00000000,,Lacticaseibacillus,Lacticaseibacillus casei,NR_041893.1,AF469172,
nomadic,Lactobacillus,Lactobacillus zeae,10.1099/ijs.0.2008/005330-0,ATCC 15820= CCUG 35515 = DSM 20178 = JCM 11302 = LMG 17315 = NCIB (now NCIMB) 9537,1959,Corn steep liquor,3.12,47.74,L. casei,HO,AZCT00000000,,Lacticaseibacillus,Lacticaseibacillus casei,NR_041893.1,D86516,later synonym of L. casei
unknown,Lactobacillus,Lactobacillus chiayiensis,10.1016/j.syapm.2018.01.008,NCYUAST=BCRC 81062=NBRC 112906,2018,Cow manure,2.87,47.1,L. casei,HO,MSSM00000000,,Lacticaseibacillus,Lacticaseibacillus chiayiensis,,MF446960,
free living,Lactobacillus,Lactobacillus hulanensis,10.1099/ijsem.0.003453,ZW163T(=NCIMB15193T=CCM8926T=CCTCCAB2019015T),2019,pickle,2.36,52.7,L. casei,HO,RRYD00000000,,Lacticaseibacillus,Lacticaseibacillus hulanensis,,LC436604,
unknown,Lactobacillus,Lactobacillus manihotivorans,10.1099/00207713-48-4-1101,OND 32T = CCUG 42894T = CIP 105851T = DSM 13343T = JCM 12514T = LMG 18010T,1998,Cassava sour starch fermentation,3.14,47.7,L. casei,HO,AZEU00000000,,Lacticaseibacillus,Lacticaseibacillus manihotivorans,NR_024835.1,AF000162,
unknown,Lactobacillus,Lactobacillus nasuensis,10.1099/ijs.0.031781-0,SU 18 = CGMCC 1.10801 = JCM 17158,2012,Sudangrass silage sample ,2.28,57.02,L. casei,HO,AZDJ00000000,,Lacticaseibacillus,Lacticaseibacillus nasuensis,NR_113303.1,AB608051,
unknown,Lactobacillus,Lactobacillus pantheris,10.1099/ijs.0.02247-0,A24-2-1 = AS 1.2826 = JCM 12539 = LMG 21017,2002,Jaguar faeces,2.55,52.9,L. casei,HO,AZFJ00000000,,Lacticaseibacillus,Lacticaseibacillus pantheris,NR_025189.1,AF413523,
nomadic,Lactobacillus,Lactobacillus paracasei ssp. paracasei,10.1099/00207713-39-2-105,DSM 5622T = ATCC 25302T = A24-2-1T = AS 1.2826T = JCM 8130T = LMG 13087T,1989,N/A,2.88,46.5,L. casei,HO,AZGH00000000,,Lacticaseibacillus,Lacticaseibacillus paracasei ssp. paracasei,NR_025880.1,D79212,
nomadic,Lactobacillus,Lactobacillus casei ssp. alactosus,10.1099/00207713-39-2-105,,,,,,,,,,Lacticaseibacillus,Lacticaseibacillus paracasei ssp. paracasei,,,
nomadic,Lactobacillus,Lactobacillus casei ssp. pseudoplantarum,10.1099/00207713-39-2-105,,,,,,,,,,Lacticaseibacillus,Lacticaseibacillus paracasei ssp. paracasei,,,
nomadic,Lactobacillus,Lactobacillus paracasei ssp. tolerans,10.1099/00207713-39-2-105, ATCC 25599= CCUG 34829 = CIP 102994 = CIP 103024 = DSM 20258 = IFO (now NBRC) 15906 = JCM 1171 = LMG 9191 = NCIB (now NCIMB) 9709 (formerly NCFB 2774),1965,Pasteurized milk,2.38,46.42,L. casei,HO,AYYJ00000000,,Lacticaseibacillus,Lacticaseibacillus paracasei ssp. tolerans,,AB181950,
nomadic,Lactobacillus,Lactobacillus casei ssp. tolerans,10.1099/00207713-39-2-105,,,,,,,,,,Lacticaseibacillus,Lacticaseibacillus paracasei ssp. tolerans,,,
unknown,Lactobacillus,Lactobacillus porcinae,10.1099/ijs.0.044123-0,R-42633 = CCUG 62266 = LMG 26767,2013,Traditional Vietnamese nem chua,2.84,47.2,L. casei,HO,RHNS00000000,,Lacticaseibacillus,Lacticaseibacillus porcinae,NR_108876.1,HE616585,
nomadic,Lactobacillus,Lactobacillus rhamnosus,10.1099/00207713-39-2-105, ATCC 7469= CCUG 21452 = CIP A157 = DSM 20021 = IFO (now NBRC) 3425 = JCM 1136 = LMG 6400 = NCAIM B.01147 = NCCB 46033 = NCIMB 6375 (formerly NCDO 243) = NCTC 12953 = NRRL B-442 = VKM B-574,1968,N/A,2.95,46.68,L. casei,HO,AZCQ00000000,,Lacticaseibacillus,Lacticaseibacillus rhamnosus,NR_043408.1,D16552,
nomadic,Lactobacillus,Lactobacillus casei ssp. rhamnosus,10.1099/00207713-39-2-105,,,,,,,,,,Lacticaseibacillus,Lacticaseibacillus rhamnosus,,,
unknown,Lactobacillus,Lactobacillus saniviri,10.1099/ijs.0.031658-0,YIT 12363 = DSM 24301 = JCM 17471,2012,Faeces of a Japanese healthy adult male,2.44,47.73,L. casei,HO,JQCE00000000,,Lacticaseibacillus,Lacticaseibacillus saniviri,NR_113289.1,AB602569,
unknown,Lactobacillus,Lactobacillus sharpeae,10.1016/S0721-9571(81)80005-1,ATCC 49974= CCUG 39466 = CIP 101266 = DSM 20505 = JCM 1186 = LMG 9214 = NRRL B-14855,1982,Municipal sewage,2.45,53.38,L. casei,HO,AYYO00000000,,Lacticaseibacillus,Lacticaseibacillus sharpeae,NR_044711.2,M58831,
unknown,Lactobacillus,Lactobacillus songhuajiangensis,10.1099/ijs.0.054296-0,7-19T = LMG 27191T = NCIMB 14832T = CCUG 62990T,2013,Chinese traditional pickle and sourdough,2.61,52.7,L. casei,HO,RHNR00000000,,Lacticaseibacillus,Lacticaseibacillus songhuajiangensis,NR_125562.1,HF679038,
unknown,Lactobacillus,Lactobacillus thailandensis,10.2323/jgam.53.7,MCH5-2T = BCC 21235T = DSM 22698T = JCM 13996T = NRIC 0671T,2007,Fermented tea leaves (miang),2.06,53.5,L. casei,HO,AYZK00000000,,Lacticaseibacillus,Lacticaseibacillus thailandensis,NR_041456.1,AB257863,
unknown,Lactobacillus,Lactobacillus daqingensis,10.1099/ijsem.0.004060,143-4(a)T =NCIMB 15173T=CCM 8948T=JCM 33273T=CCTCC 2018390T,2020,Pickle,2.74,58,L. casei,HO,RHOH00000000,,Lacticaseibacillus,Lacticaseibacillus daqingensis,,MK110842,
unknown,Lactobacillus,Lactobacillus hegangensis,10.1099/ijsem.0.004060,73-4T =NCIMB 15177T=CCM 8912T=CCTCC AB 2018407T,2020,Pickle,2.50,55.5,L. casei,HO,RHOL00000000,,Lacticaseibacillus,Lacticaseibacillus hegangensis,,MK110833,
unknown,Lactobacillus,Lactobacillus suibinensis,10.1099/ijsem.0.004060,247-3T =NCIMB 15176T=JCM 33275T,2020,Pickle,2.56,53,L. casei,HO,RHOK00000000,,Lacticaseibacillus,Lacticaseibacillus suibinensis,,MK110834,
unknown,Lactobacillus,Lactobacillus yichunensis,10.1099/ijsem.0.004060,33-1T =NCIMB 15169T=CCM 8947T=JCM 33272T=CCTCC 2018405T,2020,Pickle,2.56,55.4,L. casei,HO,RHOG00000000,,Lacticaseibacillus,Lacticaseibacillus yichunensis,,MK110845,
unknown,Lactobacillus ,Lactobacillus jixianensis,10.1099/ijsem.0.003474,159-4T = CCM 8911 T = NCIMB 15175 T,2019,Chinese traditional pickle ,2.47,58.3,L. casei,HO,RHOJ00000000,,Lacticaseibacillus,Lacticaseibacillus jixianensis,,MK110836,
nomadic,Lactobacillus,Lactobacillus daoliensis,10.1099/ijsem.0.003619,116-1AT (=NCIMB 15181T=CCM 8934T=LMG 31171T),2019,pickle,2.63,43.7,L. plantarum,HO,BJDH00000000,,Lactiplantibacillus,Lactiplantibacillus daoliensis,,LC438516,
nomadic,Lactobacillus,Lactobacillus daowaiensis,10.1099/ijsem.0.003619,203-3T (=NCIMB 15183T=CCM 8933T=LMG 31172T,2019,pickle,2.85,44,L. plantarum,HO,BJDJ00000000,,Lactiplantibacillus,Lactiplantibacillus daowaiensis,,LC438517,
nomadic,Lactobacillus,Lactobacillus dongliensis,10.1099/ijsem.0.003619,218-3T (=NCIMB 15184T=CCM 8932T=LMG 31173T,2019,pickle,3.11,44.7,L. plantarum,HO,BJDK00000000,,Lactiplantibacillus,Lactiplantibacillus dongliensis,,LC438518,
nomadic,Lactobacillus,Lactobacillus fabifermentans,10.1099/ijs.0.001172-0,R-34115T = DSM 21115T = LMG 24284T,2009,Cocoa bean heap fermentation,3.28,45.03,L. plantarum,HO,AYGX00000000,,Lactiplantibacillus,Lactiplantibacillus fabifermentans,NR_042676.1,AM905388,
nomadic,Lactobacillus,Lactobacillus herbarum,10.1099/ijsem.0.000636,TCF032-E4  = CCTCC AB2015090  = DSM 100358,2015,Chinese fermented radish,2.90,43.5,L. plantarum,HO,LFEE00000000,,Lactiplantibacillus,Lactiplantibacillus herbarum,,NR_145899,
nomadic,Lactobacillus,Lactobacillus modestisalitolerans,10.1099/ijs.0.000290,NB446=NBRC 107235=BCC 38191,2015,Traditional fermented foods,2.75,48.6,L. plantarum,HO,BJEA00000000,,Lactiplantibacillus,Lactiplantibacillus modestisalitolerans,NR_136786.1,AB907192,
nomadic,Lactobacillus,Lactobacillus mudanjiangensis,10.1099/ijs.0.054296-0,11050 = LMG 27194  = CCUG 62991,2013,Chinese traditional pickle and sourdough,3.58,42.9,L. plantarum,HO,BJDY01000000,,Lactiplantibacillus,Lactiplantibacillus mudanjiangensis,NR_125561.1,HF679037,
nomadic,Lactobacillus,Lactobacillus nangangensis,10.1099/ijsem.0.003619,"381-7T (=NCIMB 15186T=CCM 8930T),",2019,pickle,2.90,44.3,L. plantarum,HO,BJDI00000000,,Lactiplantibacillus,Lactiplantibacillus nangangensis,,LC438520,
nomadic,Lactobacillus,Lactobacillus paraplantarum,10.1099/00207713-46-2-595,CST 10961T = ATCC 700211T = CCUG 35983T = CIP 104668T = CNRZ 1885T = CST 10961T = DSM 10667T = JCM 12533T = LMG 16673T = NRRL B-23115T,1996,Beer contaminant,3.40,43.69,L. plantarum,HO,AZEO00000000,,Lactiplantibacillus,Lactiplantibacillus paraplantarum,NR_025447.1,AJ306297,
nomadic,Lactobacillus,Lactobacillus pentosus,10.1099/00207713-37-4-339,124-2T = ATCC 8041T = CCUG 33455T = CIP 103156T = DSM 20314T = JCM 1558T = LMG 10755T = NCAIM B.01727T = NCCB 32014T = NCIMB 8026T (formerly NCDO 363) = NRRL B-227T = NRRL B-473T,1921,N/A,3.65,46.31,L. plantarum,HO,AZCU00000000,,Lactiplantibacillus,Lactiplantibacillus pentosus,NR_029133.1,D79211,
nomadic,Lactobacillus,Lactobacillus pingfangensis,10.1099/ijsem.0.003619,382-1T (=NCIMB 15187T=CCM 8935T=LMG 31176T),2019,pickle,2.90,44.2,L. plantarum,HO,BJDG00000000,,Lactiplantibacillus,Lactiplantibacillus pingfangensis,,LC438521,
nomadic,Lactobacillus,Lactobacillus plajomi,10.1099/ijs.0.000290,NB53=NBRC 107333=BCC 38054,2015,Traditional fermented foods,2.76,48.7,L. plantarum,HO,BJDZ00000000,,Lactiplantibacillus,Lactiplantibacillus plajomi,NR_136785.1,AB907190,
nomadic,Lactobacillus,Lactobacillus plantarum ssp. argentoratensis,10.1099/ijs.0.63333-0,DKO 22 = CCUG 50787 = CIP 108320 = DSM 16365 = JCM 16169,2005,Fermented cassava roots (fufu),3.20,45,L. plantarum,HO,AZFR00000000,,Lactiplantibacillus,Lactiplantibacillus plantarum ssp. argentoratensis,NR_042254.1,AJ640078,
nomadic,Lactobacillus,Lactobacillus plantarum ssp. plantarum,10.1099/ijs.0.63333-0 / not sure,ATCC 14917= CCUG 30503 = CIP 103151 = DSM 20174 = IFO (now NBRC) 15891 = JCM 1149 = LMG 6907 = NCIMB 11974 = NRRL B-4496,1919,Pickled cabbage,3.21,44.48,L. plantarum,HO,AZEJ00000000,,Lactiplantibacillus,Lactiplantibacillus plantarum ssp. plantarum,,AJ965482,
nomadic,Lactobacillus,Lactobacillus songbeiensis,10.1099/ijsem.0.003619,398-2T =NCIMB 15189T=CCM 8931T=LMG 31174T,2019,pickle,3.03,44.4,L. plantarum,HO,BJDL00000000,,Lactiplantibacillus,Lactiplantibacillus songbeiensis,,LC438523,
nomadic,Lactobacillus,Lactobacillus xiangfangensis,10.1099/ijs.0.031468-0,3.1.1 = LMG 26013 = NCIMB 14687,2012,Chinese pickle,2.99,45.1,L. plantarum,HO,JQCL00000000,,Lactiplantibacillus,Lactiplantibacillus xiangfangensis,NR_109000.1,HM443954,
Vertebrate,Lactobacillus,Lactobacillus acetotolerans,10.1099/00207713-36-4-544, ATCC 43578= CCUG 32229 = CIP 103180 = DSM 20749 = JCM 3825 = LMG 10751 = NBI 3014,1986,Fermented Vinegar Broth,1.59,36.26,L. delbrueckii,HO,AYZC00000000,,Lactobacillus,Lactobacillus acetotolerans,,M58801,
Vertebrate,Lactobacillus,Lactobacillus acidophilus,10.1099/00207713-20-3-325,ATCC 4356= CCUG 5917 = CIP 76.13 = DSM 20079 = IFO (now NBRC) 13951 = JCM 1132 = LMG 9433 = LMG 13550 = NCTC 12980 = NRRL B-4495 = VKM B-1660.,1900,Human,1.95,34.59,L. delbrueckii,HO,AZCS00000000,,Lactobacillus,Lactobacillus acidophilus,NR_043182.1,AY773947,
Vertebrate,Lactobacillus,Lactobacillus amylolyticus,10.1016/S0723-2020(98)80045-3,LA 5 = CCUG 39901 = DSM 11664 = JCM 12529 = LMG 18796,1999,Acidified beer wort,1.54,38.24,L. delbrueckii,HO,AZEP00000000,,Lactobacillus,Lactobacillus amylolyticus,NR_029352.1,FR683095,
Vertebrate,Lactobacillus,Lactobacillus amylovorus,10.1099/00207713-31-1-56,ATCC 33620= CCUG 27201 = CIP 102989 = DSM 20531 = JCM 1126 = LMG 9496 = NCAIM B.01458 = NRRL B-4540,1981,Cattle waste-corn fermentation,2.02,37.77,L. delbrueckii,HO,AZCM00000000,,Lactobacillus,Lactobacillus amylovorus,NR_043287.1,AY944408,
Vertebrate,Lactobacillus,Lactobacillus sobrius,10.1099/ijs.0.65432-0,,,,,,,,,,Lactobacillus,Lactobacillus amylovorus,NR_043287.1,AY700063,later synonym of L. amylovorus
insect,Lactobacillus,Lactobacillus apis,10.1099/ijs.0.053033-0,R4B=CCM 8403=LMG 26964,2014,Stomach of honeybees,1.70,36.85,L. delbrueckii,HO,PDKP00000000, JXLG00000000,Lactobacillus,Lactobacillus apis,NR_125702.1,KF386017,
insect,Lactobacillus,Lactobacillus bombicola,10.1007/s10482-015-0429-z,H70-3T = LMG 28288T = DSM 28793T,2015,Bumble bee gut,1.64,34.6,L. delbrueckii,HO,NPNG00000000,FOMN00000000,Lactobacillus,Lactobacillus bombicola,NR_136436.1,LK054485,
Vertebrate,Lactobacillus,Lactobacillus colini,10.1099/ijsem.0.001624,111144 L1=DSM 101872=KCTC 21086,2017,Northern Bobwhite (Colinus virginianus),,35.6,L. delbrueckii,HO,,,Lactobacillus,Lactobacillus colini,NR_156075.1,KU161105,
Vertebrate,Lactobacillus,Lactobacillus crispatus,10.1099/00207713-33-2-426,ATCC 33820= CCUG 30722 = CIP 102990 = CIPP II = DSM 20584 = JCM 1185 = LMG 9479 = VPI 3199,1953,Eye,2.06,36.59,L. delbrueckii,HO,AZCW00000000,,Lactobacillus,Lactobacillus crispatus,NR_041800.1,AF257097,
Vertebrate,Lactobacillus,Lactobacillus delbrueckii ssp. bulgaricus,10.1016/S0723-2020(83)80012-5, ATCC 11842= CCUG 41390 = CIP 101027 = DSM 20081 = IFO (now NBRC) 13953 = JCM 1002 = LMG 6901 = LMG 13551 = NCTC 12712 = VKM B-1923,1919,Bulgarian yoghourt,1.76,49.91,L. delbrueckii,HO,JQAV00000000,,Lactobacillus,Lactobacillus delbrueckii ssp. bulgaricus,NR_075019.1,CR954253,
Vertebrate,Lactobacillus,Lactobacillus delbrueckii ssp. delbrueckii,10.1016/S0723-2020(83)80012-5,ATCC 9649= CCUG 34222 = CIP 57.8 = DSM 20074 = IFO (now NBRC) 3202 = JCM 1012 = LMG 6412 = NCIMB 8130 (formerly NCDO 213) = NRRL B-763 = VKM B-1596,1986,Sour grain mash,1.75,49.86,L. delbrueckii,HO,AZCR00000000,,Lactobacillus,Lactobacillus delbrueckii ssp. delbrueckii,NR_029106.1,AY773949,
Vertebrate,Lactobacillus,Lactobacillus delbrueckii ssp. indicus,10.1099/ijs.0.63067-0,NCC725 = CCUG 51390 = DSM 15996 = JCM 15610 = LMG 22083,2005,Traditional dairy fermented product (Dahi type),1.88,49.54,L. delbrueckii,HO,AZFL00000000,,Lactobacillus,Lactobacillus delbrueckii ssp. indicus,NR_029106.1,AY421720,
Vertebrate,Lactobacillus,Lactobacillus delbrueckii ssp. jakobsenii,10.1099/ijs.0.048769-0,ZN7a-9=DSM 26046=LMG 27067,2013,Dolo wort (Alcholic fermented beverage),1.75,50.31,L. delbrueckii,HO,JQCG00000000,,Lactobacillus,Lactobacillus delbrueckii ssp. jakobsenii,NR_029106.1,ALPY00000000,
Vertebrate,Lactobacillus,Lactobacillus delbrueckii ssp. lactis,10.1016/S0723-2020(83)80012-5,L 110T = ATCC 12315T = CCUG 31454T = CIP 101028T = DSM 20072T = JCM 1248T = LMG 7942T = NBRC 102622T = NRRL B-4525T,1919,Emmental cheese,1.87,49.86,L. delbrueckii,HO,AZDE00000000,,Lactobacillus,Lactobacillus delbrueckii ssp. lactis,NR_042728.1,AY050173,
Vertebrate,Lactobacillus,Lactobacillus delbrueckii ssp. sunkii,10.1099/ijs.0.037051-0,YIT 11221 = DSM 24966 = JCM 17838,2012,"Sunki, a Japanese traditional pickle",2.00,50.1,L. delbrueckii,HO,CP018217,,Lactobacillus,Lactobacillus delbrueckii ssp. sunkii,NR_029106.1,AB641833,
Vertebrate,Lactobacillus,Lactobacillus equicursoris,10.1099/ijs.0.009290-0,DI70 = DSM 19284 = JCM 14600,2010,Healthy thoroughbred racehorse,2.05,47.71,L. delbrueckii,HO,AZDU00000000,,Lactobacillus,Lactobacillus equicursoris,NR_112652.1,AB290830,
Vertebrate,Lactobacillus,Lactobacillus fornicalis,10.1099/00207713-50-3-1253,TV 1018T(=DSM 13171T=ATCC 700934T) ,2000,human vagina,,37,L. delbrueckii,HO,,,Lactobacillus,Lactobacillus fornicalis,NR_026509.1,Y18654,
Vertebrate,Lactobacillus,Lactobacillus gallinarum,10.1099/00207713-42-3-487,"L917, ScavT = ATCC 33199T= CCUG 30724T = CIP 103611T = DSM 10532T = JCM 2011T = LMG 9435T = VPI 1294T",1992,Chicken crop,1.94,36.48,L. delbrueckii,HO,AZEL00000000,,Lactobacillus,Lactobacillus gallinarum,NR_042111.1,AJ417737,
Vertebrate,Lactobacillus,Lactobacillus gasseri,10.1016/S0172-5564(80)80019-4,63 AM of Gasser = ATCC 33323= CCUG 31451 = CIP 102991 = DSM 20243 = JCM 1131 = LMG 9203 = NRRL B-14168 = NRRL B-4240,1980,Human,1.89,35.26,L. delbrueckii,HO,NC_008530,,Lactobacillus,Lactobacillus gasseri,NR_075051.2,AF519171,
Vertebrate,Lactobacillus,Lactobacillus gigeriorum,10.1099/ijs.0.028217-0,202 = LEM 202 = CRBIP 24.85 = DSM 23908,2012,Chicken crop,1.91,36.9,L. delbrueckii,HO,AYZO00000000,,Lactobacillus,Lactobacillus gigeriorum,NR_117057.1,FR681899,
Vertebrate,Lactobacillus,Lactobacillus hamsteri,10.2183/pjab.63.269,Ha5F1 = ATCC 43851= CCUG 30726 = CIP 103365 = DSM 5661 = JCM 6256 = LMG 10754,1988,Faeces of hamster,1.84,35.08,L. delbrueckii,HO,AZGI00000000,,Lactobacillus,Lactobacillus hamsteri,NR_025448.1,AJ306298,
insect,Lactobacillus,Lactobacillus helsingborgensis,10.1099/ijs.0.059600-0,Bma5N=DSM 26265=CCUG 63301,2014,Honey stomach of the honeybee Apis mellifera,2.02,36.4,L. delbrueckii,HO,JXJR00000000,,Lactobacillus,Lactobacillus helsingborgensis,NR_126253.1,JX099553,
Vertebrate,Lactobacillus,Lactobacillus helveticus,10.1099/ijs.0.64001-0,"12, Lh12T = ATCC 15009T = CCUG 30139T = CIP 103146T = DSM 20075T = IFO (now NBRC) 15019T = JCM 1120T = LMG 6413T = LMG 13555T = NRRL B-4526T",1919,Emmental cheese,1.83,36.78,L. delbrueckii,HO,AZEK00000000,,Lactobacillus,Lactobacillus helveticus,NR_042439.1,AM113779,
Vertebrate,Lactobacillus,Lactobacillus hominis,10.1099/ijs.0.036665-0,61D = CRBIP 24.179 = DSM 23910,2013,Human intestine,1.93,35.15,L. delbrueckii,HO,AYZP00000000,,Lactobacillus,Lactobacillus hominis,NR_125548.1,FR681902,
Vertebrate,Lactobacillus,Lactobacillus iners,10.1099/00207713-49-1-217,CCUG 28746 = CIP 105923 = DSM 13335 = JCM 12513 = LMG 18914,1999,Human urine,1.27,32.52,L. delbrueckii,HO,AZET00000000,,Lactobacillus,Lactobacillus iners,NR_036982.1,Y16329,
Vertebrate,Lactobacillus,Lactobacillus intestinalis,10.1099/00207713-40-3-302,Th4 = ATCC 49335= CCUG 30727 = CIP 104793 = DSM 6629 = JCM 7548 = LMG 14196,1974,Intestine of rat,2.01,35.37,L. delbrueckii,HO,AZGN00000000,,Lactobacillus,Lactobacillus intestinalis,NR_025449.1,AJ306299,
Vertebrate,Lactobacillus,Lactobacillus jensenii,10.1099/00221287-62-2-219,62GT = ATCC 25258T = CCUG 21961T = CCUG 35572T = CIP 69.17T = DSM 20557T = JCM 1146T = JCM 15953T = LMG 6414T = NRRL B-4550T,1970,Human vaginal discharge,1.61,34.33,L. delbrueckii,HO,AYYU00000000,,Lactobacillus,Lactobacillus jensenii,NR_025087.1,AF243176,
Vertebrate,Lactobacillus,Lactobacillus johnsonii,10.1099/00207713-42-3-487,ATCC 33200= CCUG 30725 = CIP 103620 = DSM 10533 = JCM 2012 = VPI 7960,1992,Human blood,1.77,34.43,L. delbrueckii,HO,AZCY00000000,,Lactobacillus,Lactobacillus johnsonii,NR_025273.1,AJ002515,
Vertebrate,Lactobacillus,Lactobacillus kalixensis,10.1099/ijs.0.63083-0,Kx127A2 = CCUG 48459 = DSM 16043 = JCM 15954 = LMG 22115,2005,"Gastric biopsies, Human stomach mucosa",2.08,36.1,L. delbrueckii,HO,AZFM00000000,,Lactobacillus,Lactobacillus kalixensis,NR_029083.1,AY253657,
Vertebrate,Lactobacillus,Lactobacillus kefiranofaciens ssp. kefiranofaciens,10.1099/00207713-38-1-12,WT-2B = ATCC 43761= CCUG 32248 = CIP 103307 = DSM 5016 = JCM 6985 = LMG 19149,1988,Kefir grains,2.26,37.22,L. delbrueckii,HO,AZGG00000000,,Lactobacillus,Lactobacillus kefiranofaciens ssp. kefiranofaciens,NR_042440.1,AM113781,
Vertebrate,Lactobacillus,Lactobacillus kefiranofaciens ssp. kefirgranum,10.1099/00207713-44-3-435,GCL 1701 = ATCC 51647= CCUG 49353 = CIP 104241 = DSM 10550 = JCM 8572 = LMG 15132,1994,Kefir grains,2.10,37.48,L. delbrueckii,HO,AZEM00000000,,Lactobacillus,Lactobacillus kefiranofaciens ssp. kefirgranum,NR_042441.1,AM113782,
insect,Lactobacillus,Lactobacillus kimbladii,10.1099/ijs.0.059600-0,Hma2N=DSM 26263=CCUG 63633,2014,Honey stomach of the honeybee Apis mellifera,2.19,36,L. delbrueckii,HO,JXLH00000000,,Lactobacillus,Lactobacillus kimbladii,NR_126250.1,JX099549,
Vertebrate,Lactobacillus,Lactobacillus kitasatonis,10.1099/ijs.0.02815-0,T. Mitsuoka Ch-J-2-1T =JCM 1039T = KCTC 3155T,2003,Chicken intestine,1.91,37.51,L. delbrueckii,HO,AZFU00000000,,Lactobacillus,Lactobacillus kitasatonis,NR_024813.1,AB107638,
insect,Lactobacillus,Lactobacillus kullabergensis,10.1099/ijs.0.059600-0,Biut2N=DSM 26262=CCUG 63631,2014,Honey stomach of the honeybee Apis mellifera,2.12,35.8,L. delbrueckii,HO,JXBY00000000,,Lactobacillus,Lactobacillus kullabergensis,NR_126251.1,JX099550,
insect,Lactobacillus,Lactobacillus melliventris,10.1099/ijs.0.059600-0,Hma8N=DSM 26256=CCUG 63629,2014,Honey stomach of the honeybee Apis mellifera,2.12,35.9,L. delbrueckii,HO,JXLI00000000,,Lactobacillus,Lactobacillus melliventris,NR_126252.1,JX099551,
Vertebrate,Lactobacillus,Lactobacillus mulieris,10.1099/ijsem.0.003901, c10Ua161MT = CECT 9755T = DSM 108704T,2020,human urine,1.66,34.2,L. delbrueckii,HO,SDGL00000000,,Lactobacillus,Lactobacillus mulieris,,MK775269,
insect,Lactobacillus,Lactobacillus panisapium,10.1099/ijsem.0.002538,Bb 2-3=DSM 102188=ACCC 19955,2018,"Bee bread of Apis cerana collected from a hive in Kunming, Chi",1.83,37.4,L. delbrueckii,HO,NPNH01000000,,Lactobacillus,Lactobacillus panisapium,, KX447147,
Vertebrate,Lactobacillus,Lactobacillus pasteurii,10.1099/ijs.0.036665-0,1517 = CRBIP 24.76 = DSM 23907,2013,N/A,1.87,38.51,L. delbrueckii,HO,AYZN00000000,,Lactobacillus,Lactobacillus pasteurii,NR_117058.1,FR681901,
Vertebrate,Lactobacillus,Lactobacillus porci,10.1099/ijsem.0.002949,SG816T = KCTC 21090T = NBRC 112917T,2018,Small intestine of a swine,,51.5,L. delbrueckii,HO,,,Lactobacillus,Lactobacillus porci,,MF346092,
Vertebrate,Lactobacillus,Lactobacillus psittaci,10.1099/00207713-51-3-967,B 1491/99T = CCUG 42378T = CIP 106492T = DSM 15354T = JCM 11552T,2001,Lung of parrott,1.54,35.64,L. delbrueckii,HO,AZFB00000000,,Lactobacillus,Lactobacillus psittaci,NR_125448.1,AJ272391,
Vertebrate,Lactobacillus,Lactobacillus rodentium ,10.1099/ijs.0.054924-0,MYMRS/TLU1=DSM 24759=CCM 7945,2014,Digestive tract of wild rodents,1.52,34,L. delbrueckii,HO,BFBY00000000,,Lactobacillus,Lactobacillus rodentium ,NR_133768.1,HQ851022,
Vertebrate,Lactobacillus,Lactobacillus taiwanensis,10.1099/ijs.0.006783-0,FIRDI 006 = BCRC 17755 = DSM 21401,2009,Silage cattle feed,1.88,33.97,L. delbrueckii,HO,AYZG00000000,,Lactobacillus,Lactobacillus taiwanensis,NR_044507.1, EU487512,
Vertebrate,Lactobacillus,Lactobacillus ultunensis,10.1099/ijs.0.006783-0,Kx146C1 = CCUG 48460 = DSM 16047 = JCM 16177 = LMG 22117,2005,"Gastric biopsies, Human stomach mucosa",2.16,35.95,L. delbrueckii,HO,AZFO00000000,,Lactobacillus,Lactobacillus ultunensis,NR_042802.1,AY253660,
Vertebrate,Lactobacillus,Lactobacillus xujianguonis,10.1099/ijsem.0.003598,HT111-2T (=CGMCC 1.13855T=KCTC 15803T),2019,Himalayan marmot,2.22,38.8,L. delbrueckii,HO,RXIA00000000,,Lactobacillus,Lactobacillus xujianguonis,,MK294239,
Vertebrate,Lactobacillus ,Lactobacillus paragasseri,10.1099/ijsem.0.003020,M. Rogosa 208XRT = JCM 5343T = ATCC 4963T = LMG 11478T = NCFB 1375T = KCTC 3172T = NCIMB 8931T = VPI 0334T,2018,human,1.94,34.9,L. delbrueckii,HO, AP018549,,Lactobacillus,Lactobacillus paragasseri,,LC374363,
unknown,Lactobacillus,Lactobacillus bayanensis,10.1099/ijsem.0.003609,54-5T = LMG 31166T = NCIMB 15153T = CCM 8936T = KCTC 21118T,2019,pickle,2.43,40.1,L. concavus-L. dextrinicus,HO,RHOX00000000,,Lapidilactobacillus,Lapidilactobacillus bayanensis,,MK110807,
unknown,Lactobacillus,Lactobacillus concavus,10.1099/ijs.0.63509-0,C-5-1 = AS 1.5017 = JCM 14153 = LMG 22739,2005,Walls of a distilled spirit fermenting cellar,1.90,43.3,L. concavus-L. dextrinicus,HO,AZFX00000000,,Lapidilactobacillus,Lapidilactobacillus concavus,NR_043105.1,AY683322,
unknown,Lactobacillus,Lactobacillus dextrinicus,10.1099/ijs.0.65779-0,ATCC 33087T = CCUG 18834T = CIP 103407T = DSM 20335T = JCM 5887T = LMG 11485T = NCIMB 701561T = VKM B-1603T,1964,Silage,1.81,38.05,L. concavus-L. dextrinicus,HO,AYYK00000000,,Lapidilactobacillus,Lapidilactobacillus dextrinicus,NR_036861.1,D87679,
unknown,Lactobacillus,Lactobacillus achengensis,10.1099/ijsem.0.004060,247-4T =NCIMB 15155T=CCM 8897T=LMG 31059T=CCTCC AB 2018410T,2020,Pickle,2.64,49,L. concavus-L. dextrinicus,HO,RHOV00000000,,Lapidilactobacillus,Lapidilactobacillus achengensis,,MK110810,
unknown,Lactobacillus,Lactobacillus gannanensis,10.1099/ijsem.0.004060,143-1T =NCIMB 15157T=CCM 8937T=CCTCC AB 2018409T,2020,Pickle,2.39,40.8,L. concavus-L. dextrinicus,HO,RHOT00000000,,Lapidilactobacillus,Lapidilactobacillus gannanensis,,MK110813,
unknown,Lactobacillus,Lactobacillus mulanensis,10.1099/ijsem.0.004060, 143-6T =NCIMB 15162T=CCM 8951T=JCM 33274T=CCTCC AB 2018411T,2020,Pickle,2.32,42.5,L. concavus-L. dextrinicus,HO,RHOW00000000,,Lapidilactobacillus,Lapidilactobacillus mulanensis,,MK110808,
unknown,Lactobacillus,Lactobacillus wuchangensis,10.1099/ijsem.0.004060,17-4T =NCIMB 15161T=CCM 8946T=JCM 33271T=CCTCC AB 2018406T,2020,Pickle,2.53,41.7,L. concavus-L. dextrinicus,HO,RHOU00000000,,Lapidilactobacillus,Lapidilactobacillus wuchangensis,,MK110811,
free living,Lactobacillus,Lactobacillus curvatus,10.1099/ijs.0.63164-0,1T = LMG 9198T = DSM 20019T = LMG 13553T = ATCC 25601T= CCUG 30669T = CIP 102992T = IFO (now NBRC) 15884T = JCM 1096T = NRRL B-4562T,1903,Milk,1.82,41.97,L. sakei,HO,AZDL00000000,,Latilactobacillus,Latilactobacillus curvatus,NR_042437.1,AM113777,
free living,Lactobacillus,Lactobacillus fuchuensis,10.1099/ijs.0.02119-0,B5M10 = CCUG 47133 = DSM 14340 = JCM 11249,2002,Vacuum-packaged beef,2.12,41.78,L. sakei,HO,AZEX00000000,,Latilactobacillus,Latilactobacillus fuchuensis,NR_104976.1,AB370875,
free living,Lactobacillus,Lactobacillus graminis,10.1016/S0723-2020(88)80013-4,G90 (1) = ATCC 51150= CCUG 32238 = CIP 105164 = DSM 20719 = JCM 9503 = LMG 9825 = NRRL B-14857,1989,Grass silage,1.84,40.26,L. sakei,HO,AYZB00000000,,Latilactobacillus,Latilactobacillus graminis,NR_042438.1,AM113778,
free living,Lactobacillus,Lactobacillus sakei ssp. carnosus ,10.1099/00207713-46-4-1158,R 14b/aT = LMG 17302T = CCUG 31331T = CIP 105422T = JCM 11031T.,1996,Fermented meat product,1.99,41.02,L. sakei,HO,AZFG00000000,,Latilactobacillus,Latilactobacillus sakei ssp. carnosus,,AY204892,
free living,Lactobacillus,Lactobacillus sakei ssp. sakei ,10.1099/00207713-46-4-1158, T.S [K. Kitahara 37]T = ATCC 15521T= LMG 9468T = DSM 20017T = CCUG 30501T = CIP 103139T = IFO (now NBRC) 15893T = JCM 1157T,1934,"""Moto"" starter of sake",1.91,41.07,L. sakei,HO,AZDN00000000,,Latilactobacillus,Latilactobacillus sakei ssp. sakei,NR_042443.1,AM113784,
free living,Lactobacillus,Lactobacillus buchneri,(Henneberg 1903) Bergey et al. 1923 - VL 1980,ATCC 4005= CCUG 21532 = CIP 103023 = DSM 20057 = JCM 1115 = LMG 6892 = NCAIM B.01145 = NRRL B-1837 = VKM B-1599,1903,Tomato pulp,2.45,44.41,L. buchneri,HE,AZDM00000000,,Lentilactobacillus,Lentilactobacillus buchneri,NR_041293.1,AB205055,
free living,Lactobacillus,Lactobacillus curieae,10.1099/ijs.0.041830-0,CCTCC M 2011381=S1L19=JCM 18524,2013,Stinky tofu brine,2.10,39.8,L. buchneri,HE,CP018906,,Lentilactobacillus,Lentilactobacillus curieae,NR_109538.1,JQ086550,
free living,Lactobacillus,Lactobacillus diolivorans,10.1099/00207713-52-2-639,JKD6 = DSM 14421 = JCM 12183 = LMG 19667,2002,Maize silage,3.27,40.01,L. buchneri,HE,AZEY00000000,,Lentilactobacillus,Lentilactobacillus diolivorans,NR_037004.1,AF264701,
free living,Lactobacillus,Lactobacillus farraginis,10.1099/ijs.0.64618-0,DSM 18382 = JCM 14108 = NRIC 0676,2007,Composting material of distilled shochu residue,2.86,42.05,L. buchneri,HE,AZFY00000000,,Lentilactobacillus,Lentilactobacillus farraginis,NR_041467.1,AB262731,
free living,Lactobacillus,Lactobacillus hilgardii,10.1111/j.1365-2621.1936.tb17774.x,9T = ATCC 8290T = CIP 103007T = DSM 20176T = JCM 1155T = LMG 6895T,1936,Wine,2.60,39.58,L. buchneri,HE,AZDF00000000,,Lentilactobacillus,Lentilactobacillus hilgardii,NR_044708.2,M58821,
free living,Lactobacillus,Lactobacillus kefiri,10.1016/S0723-2020(83)80057-5,A/KT = ATCC 35411T= CIP 103006T = DSM 20587T = JCM 5818T = LMG 9480T,1983,Kefir grains,2.23,41.66,L. buchneri,HE,AYYV00000000,,Lentilactobacillus,Lentilactobacillus kefiri,NR_042230.1, AJ621553,
free living,Lactobacillus,Lactobacillus kisonensis,10.1099/ijs.0.004689-0,YIT 11168 = DSM 19906 = JCM 15041 = NRIC 0741,2009,"Sunki, a Japanese traditional pickle",3.01,41.74,L. buchneri,HE,AZEB00000000,,Lentilactobacillus,Lentilactobacillus kisonensis,NR_041658.1,AB366388,
free living,Lactobacillus,Lactobacillus otakiensis,10.1099/ijs.0.004689-0,YIT 11163 = DSM 19908 = JCM 15040 = NRIC 0742,2009,"Sunki, a Japanese traditional pickle",2.35,42.39,L. buchneri,HE,AZED00000000,,Lentilactobacillus,Lentilactobacillus otakiensis,NR_041657.1,AB366386,
free living,Lactobacillus,Lactobacillus parabuchneri,10.1111/j.1574-6968.1988.tb13927.x,ATCC 49374= CCUG 32261 = CIP 103368 = DSM 5707 = JCM 12493 = LMG 11457 = NCIMB 8838 (formerly NCDO 2748),1989,Blair athol distillery,2.61,43.47,L. buchneri,HE,AZGK00000000,JQBJ00000000,Lentilactobacillus,Lentilactobacillus parabuchneri,NR_041294.1,AB205056,
free living,Lactobacillus,Lactobacillus parafarraginis,10.1099/ijs.0.045799-0,NRIC 0676T = DSM 18390T = JCM 14109T = NRIC 0677T,2007,Composting material of distilled shochun residue,3.08,45.23,L. buchneri,HE,AZFZ00000000,,Lentilactobacillus,Lentilactobacillus parafarraginis,NR_041468.1,AB262734,
free living,Lactobacillus,Lactobacillus parakefiri,10.1099/00207713-44-3-435,GCL 1731 = ATCC 51648= CCUG 39468 = CIP 104242 = DSM 10551 = IFO (now NBRC) 15890 = JCM 8573 = LMG 15133,1994,Kefir grain,4.91,42.59,L. buchneri,HE,AZEN00000000,,Lentilactobacillus,Lentilactobacillus parakefiri,NR_029039.1,AY026750,
free living,Lactobacillus,Lactobacillus raoultii,10.1016/j.nmni.2019.100534,Strain Marseille P4006T = CSUR P4006T = CCUG 71848T,2019,vaginal sample,3.07,41.4,L. buchneri,HE,OVSN00000000,,Lentilactobacillus,Lentilactobacillus raoultii,,LT854294,
free living,Lactobacillus,Lactobacillus rapi,10.1099/ijs.0.004689-0,YIT 11204 = DSM 19907 = JCM 15042 = NRIC 0743,2009,"Sunki, a Japanese traditional pickle",2.86,42.95,L. buchneri,HE,AZEI00000000,,Lentilactobacillus,Lentilactobacillus rapi,NR_041659.1,AB366389,
free living,Lactobacillus,Lactobacillus sunkii,10.1099/ijs.0.004689-0,YIT 11161 = DSM 19904 = JCM 15039 = NRIC 0744,2009,"Sunki, a Japanese traditional pickle",2.69,42.06,L. buchneri,HE,AZEA00000000,,Lentilactobacillus,Lentilactobacillus sunkii,NR_041656.1,AB366385,
unknown,Lactobacillus,Lactobacillus senioris,10.1099/ijs.0.031658-0,YIT 12364 = DSM 24302 = JCM 17472,2012,Faeces of a healthy 100-year-old Japanese female ,1.57,39.09,L. buchneri,HE,AYZR00000000,,Lentilactobacillus,Lentilactobacillus senioris,NR_113290.1,AB602570,
free living,Lactobacillus,Lactobacillus acidifarinae,10.1099/ijs.0.63274-0,R-19065 = CCM 7240 = CCUG 50162 = JCM 15949 = LMG 2220,2005,Artisanal wheat sourdough,2.92,51.59,L. brevis,HE,AZDV00000000,,Levilactobacillus,Levilactobacillus acidifarinae,NR_042242.1,AJ632158,
free living,Lactobacillus,Lactobacillus bambusae,10.1099/ijsem.0.002837,BS-W1=BCRC 80970=NBRC 112377,2018,Traditional fermented bamboo shoorts,1.97,46.3,L. brevis,HE,QCXQ00000000,,Levilactobacillus,Levilactobacillus bambusae,, KX400838,
free living,Lactobacillus,Lactobacillus brevis,"Orla-Jensen, 1919 (A book that does not have DOI)","14, Bb14T = DSM 20054T = ATCC 14869T = JCM 1059T = LMG 6906T = LMG 7944T = NRRL B-4527T",1919,Faeces,2.47,45.96,L. brevis,HE,AZCP00000000,,Levilactobacillus,Levilactobacillus brevis,NR_044704.2, M58810,
free living,Lactobacillus,Lactobacillus cerevisiae,10.1099/ijsem.0.002139,2301T = DSM 100836T = LMG 29073T,2017,Spoiled beer,3.38,49.6,L. brevis,HE,RHNN00000000,,Levilactobacillus,Levilactobacillus cerevisiae,NR_158030.1, KT445896,
free living,Lactobacillus,Lactobacillus fujinensis,10.1099/ijsem.0.003474,218-6T = CCM 8908T = KCTC 21134T = LMG 31067T,2019,Chinese traditional pickle ,3.00,47.4,L. brevis,HE,RHNX00000000,,Levilactobacillus,Levilactobacillus fujinensis,,MK110865,
free living,Lactobacillus,Lactobacillus fuyuanensis,10.1099/ijsem.0.003474,244-4T = CCM 8906T = KCTC 21137T=LMG 31052T,2019,Chinese traditional pickle ,2.72,48.6,L. brevis,HE,RHNZ00000000,,Levilactobacillus,Levilactobacillus fuyuanensis,,MK110862,
free living,Lactobacillus,Lactobacillus hammesii,10.1099/ijs.0.63311-0,LP38 = TMW 1.1236 = CCUG 51325 = CIP 108387 = DSM 16381 = JCM 16170,2005,Wheat sourdough,2.82,49.38,L. brevis,HE,AZFS00000000,,Levilactobacillus,Levilactobacillus hammesii,NR_042243.1,AJ632219,
free living,Lactobacillus,Lactobacillus huananensis,10.1099/ijsem.0.003474,151-2BT = CCM 8913T = KCTC 21129T = LMG 31063T,2019,Chinese traditional pickle ,2.29,47.5,L. brevis,HE,RHOC00000000,,Levilactobacillus,Levilactobacillus huananensis,,MK110857,
free living,Lactobacillus,Lactobacillus koreensis,10.1099/ijs.0.021386-0,DCY50 = JCM 16448 = KCTC 13530,2011,Cabbage kimchi,2.97,49.15,L. brevis,HE,AZDP00000000,,Levilactobacillus,Levilactobacillus koreensis,NR_116854.1,FJ904277,
free living,Lactobacillus,Lactobacillus lindianensis,10.1099/ijsem.0.003474,220-4T = NCIMB 15163T=CCM 8902T=KCTC 21136T,2019,Chinese traditional pickle ,2.33,49.2,L. brevis,HE,RHOD00000000,,Levilactobacillus,Levilactobacillus lindianensis,,MK110856,
free living,Lactobacillus,Lactobacillus namurensis,10.1099/ijs.0.64607-0,DSM 19117T = CCUG 52843T = JCM 15612T = LMG 23583T,2007,Sourdough,2.48,51.99,L. brevis,HE,AZDT00000000,,Levilactobacillus,Levilactobacillus namurensis,NR_042514.1,AM259119,
free living,Lactobacillus,Lactobacillus parabrevis,10.1099/ijs.0.64215-0,RODS-DWT = SLB-MAST = ATCC 53295T= LMG 11984T,2006,Cheese,2.61,49.05,L. brevis,HE,AZCZ00000000,,Levilactobacillus,Levilactobacillus parabrevis,NR_042456.1,AM158249,
free living,Lactobacillus,Lactobacillus paucivorans,10.1099/ijs.0.018077-0,TMW 1.1424 = DSM 22467 = JCM 18045 = LMG 25291,2010,Yeast storage tank containing lager beer ,2.37,49.06,L. brevis,HE,JQCA00000000,,Levilactobacillus,Levilactobacillus paucivorans,NR_116943.1,FN185731,
free living,Lactobacillus,Lactobacillus senmaizukei,10.1099/ijs.0.65677-0,L13 = DSM 21775T = NBRC 103853T = TISTR 1847T,2008,"Senmaizuke, a Japanese pickle",2.22,48.64,L. brevis,HE,AYZH00000000,,Levilactobacillus,Levilactobacillus senmaizukei,NR_041584.1,AB297927,
free living,Lactobacillus,Lactobacillus spicheri,10.1078/072320204322881763,LTH 5753 = DSM 15429 = JCM 15956 = LMG 21871,2004,Rice sourdough,2.75,55.91,L. brevis,HE,AZFC00000000,,Levilactobacillus,Levilactobacillus spicheri,NR_025579.1,AJ534844,
free living,Lactobacillus,Lactobacillus suantsaii,10.1099/IJSEM.0.003522, L88T =BCRC 12945T=NBRC 113535T,2019,"suan-tsai, a traditional Taiwanese fermented mustard green",2.43,51.1,L. brevis,HE,QXIL00000000,,Levilactobacillus,Levilactobacillus suantsaii,,MH730159,
free living,Lactobacillus,Lactobacillus suantsaiihabitans,10.1099/ijsem.0.003346 (change author name to Liou in Manuscript),R19T = BCRC 81129T= NBRC 113532T,2019,"suan tsai, fermented vegetables",2.87,51.8,L. brevis,He,RKLX00000000,,Levilactobacillus,Levilactobacillus suantsaiihabitans,,NH810313,
free living,Lactobacillus,Lactobacillus tangyuanensis,10.1099/ijsem.0.003474,137-3T = CCM 8907T = KCTC 21125T = LMG 31053T,2019,Chinese traditional pickle ,2.19,49.8,L. brevis,HE,RHOA00000000,,Levilactobacillus,Levilactobacillus tangyuanensis,,MK110859,
free living,Lactobacillus,Lactobacillus tongjiangensis,10.1099/ijsem.0.003474,218-10T = CCM 8905T=KCTC 21135T=LMG 31055T,2019,Chinese traditional pickle ,2.72,47.7,L. brevis,HE,RHNY00000000,,Levilactobacillus,Levilactobacillus tongjiangensis,,MK110863,
free living,Lactobacillus,Lactobacillus yonginensis,10.1099/ijs.0.045799-0,THK-V8T = KACC 16236T = JCM 18023T = ATCC 16236T ,2013,Kimchi,2.69,47.8,L. brevis,HE,RHNO00000000,,Levilactobacillus,Levilactobacillus yonginensis,NR_109452.1,JN128640,
free living,Lactobacillus,Lactobacillus zymae,10.1099/ijs.0.63274-0,R-18615 = CCM 7241 = CCUG 50163 = JCM 15957 = LMG 22198,2005,Artisanal wheat sourdough,2.71,53.57,L. brevis,HE,AZDW00000000,,Levilactobacillus,Levilactobacillus zymae,NR_042241.1,AJ632157,
free living,Lactobacillus,Lactobacillus mulengensis,10.1099/ijsem.0.003474,112-3T = CCM 8909T = KCTC 21123T = LMG 31049T,2019,Chinese traditional pickle ,3.11,50.3,L. brevis,HE,RHNW00000000,,Levilactobacillus,Levilactobacillus mulengensis,,MK110866,
free living,Lactobacillus,Lactobacillus angrenensis,10.1099/ijsem.0.004060,M1530-1T =NCIMB 15150T=CCM 8893T=LMG 31046T=CCTCC AB 2018402T,2020,fermented dairy beverage,2.8,50.5,L. brevis,HE,RHOB00000000,,Levilactobacillus,Levilactobacillus angrenensis,,MK110858,
free living,Lactobacillus,Lactobacillus enshiensis,10.1099/ijsem.0.004072,HBUAS57009T =GDMCC 1.1664T=KACC 21424T,2020,fermented vegetables,3.07,47.8,L. brevis,HE,SULH00000000,,Levilactobacillus,Levilactobacillus enshinensis,,MN082021,
unknown,Lactobacillus,Lactobacillus acidipiscis,10.1099/00207713-50-4-1479,FS60-1 = CCUG 46556 = CIP 106750 = HSCC 1411 = JCM 10692 = NBRC 102163 = NRIC 0300 = PCU 207 = TISTR 1386,2000,Fermented fish,2.33,39.07,L. salivarius,HO,AZFI00000000,,Ligilactobacillus,Ligilactobacillus acidipiscis,NR_024718.1,AB023836,
unknown,Lactobacillus,Lactobacillus agilis,10.1016/S0721-9571(81)80005-1,CIP 101264 = CCUG 31450 = DSM 20509 = JCM 1187 = LMG 9186 = NRRL B-14856,1982,Municipal sewage,2.06,41.74,L. salivarius,HO,AYYP00000000,,Ligilactobacillus,Ligilactobacillus agilis,NR_044700.2,M58803,
Vertebrate,Lactobacillus,Lactobacillus animalis,10.1016/S0721-9571(82)80018-5,1535 = ATCC 35046= CCUG 33906 = CIP 103152 = DSM 20602 = IFO (now NBRC) 15882 = JCM 5670 = LMG 9843 = NCIMB 13278 (formerly NCDO 2425) = NRRL B-14176,1983,Dental plaque of baboon,1.89,41.06,L. salivarius,HO,AYYW00000000,,Ligilactobacillus,Ligilactobacillus animalis,NR_041610.1,AB326350,
Vertebrate,Lactobacillus,Lactobacillus apodemi,10.1099/ijs.0.64147-0,ASB1 = CIP 108913 = DSM 16634 = JCM 16172,2006,Faeces of wild Japanese wood mouse,2.10,38.63,L. salivarius,HO,AZFT00000000,,Ligilactobacillus,Ligilactobacillus apodemi,NR_042367.1,AJ871178,
Vertebrate,Lactobacillus,Lactobacillus araffinosus,"10.1016/S0723-2020(84)80042-9; Zheng et al., submitted",ML2 = ATCC 43235= DSM 20653 = CCUG 32231 = CIP 103145 = JCM 5667,1986,Intestine of chicken,1.48,38.13,L. salivarius,HO,AYYZ00000000,,Ligilactobacillus,Ligilactobacillus araffinosus,,AB289043,
Vertebrate,Lactobacillus,Lactobacillus aviarius ssp. araffinosus,"10.1016/S0723-2020(84)80042-9; Zheng et al., submitted",,,,,,,,,,Ligilactobacillus,Ligilactobacillus araffinosus,,,subspecies changed to species
Vertebrate,Lactobacillus,Lactobacillus aviarius,10.1016/S0723-2020(84)80042-9,75 = ATCC 43234= DSM 20655 = CCUG 32230 = CIP 103144 = JCM 5666 = LMG 10753 = NBRC 102162,1985,Faeces of chicken,1.68,40.12,L. salivarius,HO,AYZA00000000,,Ligilactobacillus,Ligilactobacillus aviarius,NR_044703.2,M58808,
Vertebrate,Lactobacillus,Lactobacillus ceti,10.1099/ijs.0.65372-0,142-2 = CCUG 53626 = CECT 7185 = JCM 15609,2008,Lungs of a beaked whale,1.40,33.73,L. salivarius,HO,JQBZ00000000,,Ligilactobacillus,Ligilactobacillus ceti,NR_042539.1,AM292799,
Vertebrate,Lactobacillus,Lactobacillus equi,10.1099/00207713-52-1-211,YIT 0455 = ATCC BAA-261 = CCUG 47129 = JCM 10991,2002,Faeces of horses,2.30,39.03,L. salivarius,HO,AZFH00000000,,Ligilactobacillus,Ligilactobacillus equi,NR_028623.1,AB048833,
Vertebrate,Lactobacillus,Lactobacillus faecis,10.1099/ijs.0.052985-0,AFL13-2=JCM 17300=DSM 23956,2013,Animal faeces,,,L. salivarius,HO,,,Ligilactobacillus,Ligilactobacillus faecis,NR_114391.1,AB812750,
Vertebrate,Lactobacillus,Lactobacillus hayakitensis,10.1099/ijs.0.65135-0,KBL13 = DSM 18933 = JCM 14209,2007,Faeces of thoroughbred horse,1.70,34.08,L. salivarius,HO,AZGD00000000,,Ligilactobacillus,Ligilactobacillus hayakitensis,NR_041498.1,AB267406,
Vertebrate,Lactobacillus,Lactobacillus murinus,Hemme et al. 1982 (DOI is not available; the year changes to 1980 in the manusript),313 = ATCC 35020= CCUG 33904 = CIP 104818 = CNRZ 220 = DSM 20452 = IFO (now NBRC) 14221 = JCM 1717 = LMG 14189,1982,Intestine of rat,2.20,40.05,L. salivarius,HO,AYYN00000000,,Ligilactobacillus,Ligilactobacillus murinus,NR_042231.1,AJ621554,
unknown,Lactobacillus,Lactobacillus pobuzihii,10.1099/ijs.0.016873-0,E100301 = RIFY 6501 = JCM 18084 = KCTC 13174 = NBRC 103219,2010,"Pobuzih (fermented cummingcordia), Cordia dichotoma",2.35,37.72,L. salivarius,HO,JQCN00000000,,Ligilactobacillus,Ligilactobacillus pobuzihii,NR_112694.1,AB326358,
Vertebrate,Lactobacillus,Lactobacillus ruminis,10.1099/00221287-77-1-37,RFIT = ATCC 27780T = CCUG 39465T = CIP 103153T = DSM 20403T = JCM 1152T = LMG 10756T = NBRC 102161T = NRRL B-14853T,1973,Bovine rumen,2.01,43.39,L. salivarius,HO,AYYL00000000,,Ligilactobacillus,Ligilactobacillus ruminis,NR_041611.1,AB326354,
Vertebrate,Lactobacillus,Lactobacillus saerimneri,10.1099/ijs.0.3057-0,GDA154 = CCUG 48462 = DSM 16049 = JCM 15955 = LMG 22087,2004,Pig faeces,1.69,42.57,L. salivarius,HO,AZFP00000000,,Ligilactobacillus,Ligilactobacillus saerimneri,NR_029085.1,AY255802,
unknown,Lactobacillus,Lactobacillus salitolerans,10.1099/ijsem.0.003224,YK43 = JCM 31331  = DSM 103433,2019,mushrooms,2.30,41.7,L. salivarius,HO,BFFP01000000,,Ligilactobacillus,Ligilactobacillus salitolerans,,LC127508,
Vertebrate,Lactobacillus,Lactobacillus salivarius,Rogosa et al. 1953 - VL 1980 (DOI is not available),H066T = ATCC 11741T= CCUG 31453T = CIP 103140T = DSM 20555T = JCM 1231T = LMG 9477T = NRRL B-1949T,1953,Saliva,1.98,32.5,L. salivarius,HO,AYYT00000000,,Ligilactobacillus,Ligilactobacillus salivarius,NR_028725.2,AF089108,
Vertebrate,Lactobacillus,Lactobacillus alvi,10.1111/j.1574-6968.2011.02361.x, R54= KCCM 90099= JCM 17644,2011,Gizzards of hens,,42.7,L. reuteri,HE,,,Limosilactobacillus,Limosilactobacillus alvi,NR_118032.1,NR_118032.1,
Vertebrate,Lactobacillus,Lactobacillus antri,10.1099/ijs.0.63083-0,Kx146A4 = CCUG 48456 = DSM 16041 = JCM 15950 = LMG 22111,2005,"Gastric biopsies, Human stomach mucosa",2.24,51.11,L. reuteri,HE,AZDK00000000,,Limosilactobacillus,Limosilactobacillus antri,NR_027206.1,AY253659,
Vertebrate,Lactobacillus,Lactobacillus caviae,10.1099/ijsem.0.002044,MOZM2=CCM 8609=DSM 100239=LMG 28780,2017,Oral cavity of a home-bred guinea pig,,37.70,L. reuteri,HE,,,Limosilactobacillus,Limosilactobacillus caviae,NR_157747.1,KT343143,
Vertebrate,Lactobacillus,Lactobacillus coleohominis,10.1099/00207713-51-6-2081,DSM 14060T = CCUG 44007T = CIP 106820T,2009,Vaginal urogenital tract,1.72,41.1,L. reuteri,HE,AZEW00000000,ACOH00000000,Limosilactobacillus,Limosilactobacillus coleohominis,NR_042436.1,AM113776,
Vertebrate,Lactobacillus,Lactobacillus equigenerosi,10.1099/ijs.0.65250-0,NRIC 0697T = JCM 14505T = DSM 18793T,2008,Faeces of thoroughbred horse,1.60,42.65,L. reuteri,HE,AZGC00000000,,Limosilactobacillus,Limosilactobacillus equigenerosi,NR_041566.1,AB288050,
unknown,Lactobacillus,Lactobacillus fermentum,Beijerinck 1901 - VL 1980 (DOI is not available),ATCC 14931= CCUG 30138 = CIP 102980 = DSM 20052 = IFO (now NBRC) 15885 = JCM 1173 = LMG 6902 = NCCB 46038 = NCIMB 11840 (formerly NCDO 1750) = NRRL B-4524,1901,Human saliva,1.90,52.42,L. reuteri,HE,JQAU00000000,,Limosilactobacillus,Limosilactobacillus fermentum,NR_104927.1,JN175331,
Vertebrate,Lactobacillus,Lactobacillus frumenti,10.1099/00207713-50-6-2127,TMW 1.666 = CIP 106922 = DSM 13145 = JCM 11122 = LMG 19473,2000,Rye-bran sourdough,1.73,42.55,L. reuteri,HE,AZER00000000,,Limosilactobacillus,Limosilactobacillus frumenti,NR_025371.1,AJ250074,
Vertebrate,Lactobacillus,Lactobacillus gastricus,10.1099/ijs.0.63083-0,Kx156A7 = CCUG 48454 = DSM 16045 = JCM 15952 = LMG 22113,2005,"Gastric biopsies, Human stomach mucosa",1.85,41.64,L. reuteri,HE,AZFN00000000,,Limosilactobacillus,Limosilactobacillus gastricus,NR_029084.1,AY253658,
Vertebrate,Lactobacillus,Lactobacillus gorillae,10.1099/ijs.0.068429-0,KZ01=JCM 19575=DSM 28356,2014,Faeces of captive and wild western lowland gorillas (Gorilla gorilla gorilla),1.64,48.1,L. reuteri,HE,BCAH00000000,,Limosilactobacillus,Limosilactobacillus gorillae,NR_134066.1,AB904716,
Vertebrate,Lactobacillus,Lactobacillus ingluviei,10.1099/ijs.0.02206-0,KR3 = CCUG 45722 = JCM 12531 = LMG 20380,2003,"Pigeon, crop",2.16,49.88,L. reuteri,HE,AZFK00000000,,Limosilactobacillus,Limosilactobacillus ingluviei,NR_028810.1,AF333975,
Vertebrate,Lactobacillus,Lactobacillus mucosae,10.1099/00207713-50-1-251,S32 = CCUG 43179 = CIP 106485 = DSM 13345 = JCM 12515,2000,Pig small intestine,2.25,46.4,L. reuteri,HE,AZEQ00000000,,Limosilactobacillus,Limosilactobacillus mucosae,NR_024994.1,AF126738,
Vertebrate,Lactobacillus,Lactobacillus timonensis ,10.1016/j.nmni.2017.07.001,,2017,Human gut,,,L. reuteri,HE,OEPY00000000,,Limosilactobacillus,n/a,,,not validly described
Vertebrate,Lactobacillus,Lactobacillus oris,10.1099/00207713-38-1-116,5A1 of Hayward = ATCC 49062= CCUG 37396 = CIP 103255 = CIP 105162 = DSM 4864 = JCM 7507 = JCM 11028 = LMG 9848 = NCIMB 8831 (formerly NCIB 8831; formerly NCDO 2160),1988,Human saliva,2.03,49.98,L. reuteri,HE,AZGE00000000,,Limosilactobacillus,Limosilactobacillus oris,NR_026309.1,X94229,
Vertebrate,Lactobacillus,Lactobacillus panis,10.1099/00207713-46-2-449,CCUG 37482 = DSM 6035 = JCM 11053,1996,Sourdough,2.01,48.05,L. reuteri,HE,AZGM00000000,,Limosilactobacillus,Limosilactobacillus panis,NR_026310.1,X94230,
Vertebrate,Lactobacillus,Lactobacillus pontis,10.1099/00207713-44-2-223,LTH 2587 = ATCC 51518= CCUG 33456 = CIP 104232 = DSM 8475 = JCM 11051 = LMG 14187,1994,Rye sourdough,1.67,53.43,L. reuteri,HE,AZGO00000000,,Limosilactobacillus,Limosilactobacillus pontis,NR_036788.2,X76329,
Vertebrate,Lactobacillus,Lactobacillus reuteri,10.1016/S0172-5564(80)80007-8,F 275T = ATCC 23272T = DSM 20016T = JCM 1112T = LMG 9213T = LMG 13557T,1980,Intestine of adult,1.94,38.63,L. reuteri,HE,AZDD00000000,,Limosilactobacillus,Limosilactobacillus reuteri,NR_025911.1,AP007281,
Vertebrate,Lactobacillus,Lactobacillus secaliphilus,10.1099/ijs.0.64700-0,TMW 1.1309 = CCUG 53218 = DSM 17896 = JCM 15613,2007,Sourdough,1.65,47.71,L. reuteri,HE,JQBW00000000,,Limosilactobacillus,Limosilactobacillus secaliphilus,NR_042523.1,AM279150,
Vertebrate,Lactobacillus,Lactobacillus vaginalis,10.1099/00207713-39-3-368,Lac 19T = ATCC 49540T = CCUG 31452T = CIP 105932T = DSM 5837T = JCM 9505T = LMG 12891T,1989,Vaginal swab,1.79,40.46,L. reuteri,HE,AZGL00000000,,Limosilactobacillus,Limosilactobacillus vaginalis,NR_041796.1,AF243177,
free living,Lactobacillus,Lactobacillus aquaticus,10.1099/ijs.0.008276-0,IMCC1736 = CECT 7355 = DSM 21051 = JCM 16869,2009,Surface of a eutrophic freshwater pond,2.41,37.41,L. mali,HO,AYZD00000000,,Liquorilactobacillus,Liquorilactobacillus aquaticus,NR_115847.1,DQ664203,
free living,Lactobacillus,Lactobacillus cacaonum,10.1099/ijs.0.001172-0,R-34119T = DSM 21116T = LMG 24285T,2009,Cocoa bean heap fermentation,1.92,33.87,L. mali,HO,AYZE00000000,,Liquorilactobacillus,Liquorilactobacillus cacaonum,NR_042677.1,AM905389,
free living,Lactobacillus,Lactobacillus capillatus,10.1099/ijs.0.65834-0,YIT 11306T = BCRC 17811T = DSM 19910T = JCM 15044T,2008,Fermented  brine used for stinky tofu production,2.24,37.63,L. mali,HO,AZEF00000000,,Liquorilactobacillus,Liquorilactobacillus capillatus,NR_041655.1,AB365976,
free living,Lactobacillus,Lactobacillus ghanensis,10.1099/ijs.0.64811-0,L489 = CCUG 53453 = DSM 18630 = JCM 15611,2007,Cocoa fermentation,2.61,37.09,L. mali,HO,AZGB00000000,,Liquorilactobacillus,Liquorilactobacillus ghanensis,NR_043896.1,DQ523489,
free living,Lactobacillus,Lactobacillus hordei,10.1099/ijs.0.65584-0,UCC128 = DSM 19519 = JCM 16179 = LMG 24241,2008,Malted barley,2.30,34.77,L. mali,HO,AZDX00000000,,Liquorilactobacillus,Liquorilactobacillus hordei,NR_044394.1,EU074850,
free living,Lactobacillus,Lactobacillus mali,10.1111/j.1365-2672.1970.tb02261.x,ATCC 27053= CCUG 30141 = CCUG 32228 = CIP 103142 = DSM 20444 = JCM 1116 = LMG 6899 = NBRC 102159 = NCIB (now NCIMB) 10560 = NRRL B-4563 = VKM B-1600,1970,Apple juice from cider press,2.59,36.06,L. mali,HO,AYYH00000000,,Liquorilactobacillus,Liquorilactobacillus mali,NR_044709.2,M58824,
free living,Lactobacillus,Lactobacillus nagelii,10.1099/00207713-50-2-699,LuE10 = ATCC 700692= CCUG 43575 = DSM 13675 = JCM 12492,2000,Partially fermented wine,2.50,36.69,L. mali,HO,AZEV00000000,,Liquorilactobacillus,Liquorilactobacillus nagelii,NR_041007.1,Y17500,
free living,Lactobacillus,Lactobacillus oeni,10.1099/ijs.0.007567-0,59b = CECT 7334 = DSM 19972 = JCM 18036,2009,Bobal wine,2.12,37.33,L. mali,HO,AZEH00000000,,Liquorilactobacillus,Liquorilactobacillus oeni,NR_043095.1,AY681127,
free living,Lactobacillus,Lactobacillus satsumensis,10.1099/ijs.0.63248-0, DSM 16230 = JCM 12392 = NRIC 0604,2005,Shochu mash,2.65,39.94,L. mali,HO,AZFQ00000000,,Liquorilactobacillus,Liquorilactobacillus satsumensis,NR_028658.1,AB154519,
free living,Lactobacillus,Lactobacillus sicerae,10.1099/ijs.0.059980-0,CUPV261=CECT 8227=KCTC 21012,2014,Spanish natural cider,2.49,37.5,L. mali,HO,PRJEB5073,,Liquorilactobacillus,Liquorilactobacillus sicerae,,HG794492,
free living,Lactobacillus,Lactobacillus sucicola,10.1099/ijs.0.006478-0,DSM 21376 = JCM 15457 = NRIC 0736,2009,Sap of an Oak tree,2.46,38.48,L. mali,HO,AYZF00000000,,Liquorilactobacillus,Liquorilactobacillus sucicola,NR_112785.1,AB433982,
free living,Lactobacillus,Lactobacillus uvarum,10.1016/j.syapm.2008.09.001,8 = Lb8 = CECT 7335 = DSM 19971 = JCM 16870,2009,Must of Bobal grape variety,2.69,36.88,L. mali,HO,AZEG00000000,,Liquorilactobacillus,Liquorilactobacillus uvarum,NR_115308.1,AY681126,
free living,Lactobacillus,Lactobacillus vini,10.1099/ijs.0.63877-0,Mont 4 = CECT 5924 = DSM 20605 = JCM 14280,2006,Must of grape,2.24,37.54,L. mali,HO,AYYX00000000,,Liquorilactobacillus,Liquorilactobacillus vini,NR_042196.1,AJ576009,
unknown,Lactobacillus,Lactobacillus backii,10.1099/ijs.0.053124-0,L-1062 = JCM 18665T = LMG 23555T = DSM 18080T = L1062T,2013,Spoiled lager beer,2.78,40.7,L. coryniformis,HO,RHNQ00000000,CP014873,Loigolactobacillus,Loigolactobacillus backii,NR_114385.1,AB779648,
unknown,Lactobacillus,Lactobacillus bifermentans,10.1016/S0723-2020(83)80025-3,N2T = ATCC 35409T = CCUG 32234T = CIP 102811T = DSM 20003T = JCM 1094T = LMG 9845T,1943,Blown cheese,3.14,44.29,L. coryniformis,HO,AZDA00000000,,Loigolactobacillus,Loigolactobacillus  bifermentans,NR_104926.1,JN175330,
unknown,Lactobacillus,Lactobacillus coryniformis ssp. coryniformis,Abo-Elnaga and Kandler 1965 - VL 1980 (DOI is not available),ATCC 25602= CIP 103133 = DSM 20001 = CCUG 30666 = JCM 1164 = LMG 9196 = NRRL B-4391,1965,Silage,2.71,42.86,L. coryniformis,HO,AZCN00000000,,Loigolactobacillus,Loigolactobacillus coryniformis ssp. coryniformis,,M58813,
unknown,Lactobacillus,Lactobacillus coryniformis ssp. torquens,Abo-Elnaga and Kandler 1965 - VL 1980 (DOI is not available),CECT 4129 = ATCC 25600T = CCUG 30667T = CIP 103134T = DSM 20004T = JCM 1166T = LMG 9197T = NRRL B-4390T,1965,Air of cow shed,2.78,42.94,L. coryniformis,HO,AZDC00000000,,Loigolactobacillus,Loigolactobacillus coryniformis ssp. torquens,NR_029018.1,AJ575741,
unknown,Lactobacillus,Lactobacillus iwatensis,10.1099/ijs.0.051920-0,IWT246=JCM 18838=DSM 26942,2013,Orchardgrass (Dactylis glomerata L.) silage,2.62,40.6,L. coryniformis,HO,RHNP00000000,,Loigolactobacillus,Loigolactobacillus iwatensis,NR_114365.1,AB773428,
unknown,Lactobacillus,Lactobacillus jiayinensis,10.1099/ijsem.0.003474,257-1T = NCIMB 15166T = CCM 8904T = LMG 31065T,2019,Chinese traditional pickle ,3.04,42.6,L. coryniformis,HO,RHOF00000000,,Loigolactobacillus,Loigolactobacillus jiayinensis,,MK110846,
unknown,Lactobacillus,Lactobacillus rennini,10.1099/ijs.0.64021-0,CECT 5922 = DSM 20253 = JCM 14279,2006,Rennin,2.27,40.67,L. coryniformis,HO,AYYI00000000,,Loigolactobacillus,Loigolactobacillus rennini,NR_042195.1,LC258150,
unknown,Lactobacillus,Lactobacillus zhaoyuanensis,10.1099/ijsem.0.003474,187-3T = NCIMB 15172T = CCM 8910T,2019,Chinese traditional pickle ,2.70,42.7,L. coryniformis,HO,RHOE00000000,,Loigolactobacillus,Loigolactobacillus zhaoyuanensis,,MK110851,
unknown,Lactobacillus,Lactobacillus binensis ,10.1099/ijsem.0.004060,735-2T =NCIMB 15190T=CCM 8925T=LMG 31186T,2020,Pickle,2.85,43.5,L. coryniformis,HO,BJDN00000000,,Loigolactobacillus,Loigolactobacillus binensis,,LC438524,
unknown,Lactobacillus,Lactobacillus selangorensis,10.1099/00207713-50-1-19; 10.1099/ijs.0.027755-0,ATCC BAA-66 = CCUG 43347 = CIP 106482 = DSM 13344 = LMG 17710,2000,Chili bo,2.09,46.45,L. selangorensis,HO,JQAZ00000000,,Paralactobacillus,Paralactobacillus selangorensis,NR_024885.1,AF049745,
free living,Lactobacillus,Lactobacillus hokkaidonensis,10.1099/ijs.0.047027-0,LOOC260  = JCM 18461  = DSM 26202,2013,timothy grass (Phleum pratense L.) silage,2.33,38.13,L. vaccinostercus,HE,JQCH00000000,,Paucilactobacillus,Paucilactobacillus hokkaidonensis,NR_114335.1,AB721549,
free living,Lactobacillus,Lactobacillus kaifaensis,10.1099/ijsem.0.003619,778-3T = LMG 31177T = NCIMB 15191T = CCM 8929T,2019,pickle,1.75,38,L. vaccinostercus,He,BJDM00000000,,Paucilactobacillus,Paucilactobacillus kaifaensis,,LC438525,
free living,Lactobacillus,Lactobacillus nenjiangensis,10.1099/ijs.0.054296-0,11102=LMG 27192=NCIMB 14833,2013,Chinese traditional pickle and sourdough,1.99,38.7,L. vaccinostercus,HE,BJEB00000000,,Paucilactobacillus,Paucilactobacillus nenjiangensis,NR_125563.1,HF679039,
free living,Lactobacillus,Lactobacillus oligofermentans,10.1128/AEM.71.8.4400-4406.2005,AMKR18 = CCUG 52263 = DSM 15707 = JCM 16175 = LMG 22743,2005,Broiler leg,1.83,35.57,L. vaccinostercus,HE,AZFE00000000,,Paucilactobacillus,Paucilactobacillus oligofermentans,NR_043148.1,AY733084,
free living,Lactobacillus,Lactobacillus suebicus,10.1016/S0723-2020(89)80024-4,"I, WC-t4-15T = ATCC 49375T= DSM 5007T = JCM 9504T = KCTC 3549T = LMG 11408T",1989,Apple mash,2.65,38.98,L. vaccinostercus,HE,AZGF00000000,,Paucilactobacillus,Paucilactobacillus suebicus,NR_042190.1,AJ575744,
free living,Lactobacillus,Lactobacillus vaccinostercus,10.2323/jgam.25.215,X-94 = TUA 055B = ATCC 33310= CCUG 30723 = CIP 102807 = DSM 20634 = JCM 1716 = LMG 9215 = NCIMB 11808 = NRIC 1075,1983,Cow dung,2.57,43.48,L. vaccinostercus,HE,AYYY00000000,,Paucilactobacillus,Paucilactobacillus vaccinostercus,NR_042233.1,AJ621556,
free living,Lactobacillus,Lactobacillus durianis,10.1099/ijs.0.64316-0,,,,,,,,,,Paucilactobacillus,Paucilactobacillus vaccinostercus,NR_042233.1,,later synonym of P. vaccinostercus
free living,Lactobacillus,Lactobacillus wasatchensis,10.1099/ijsem.0.000689,WDC04=DSM 29958=LMG 28678,2016,Aged Cheddar cheese,1.90,39.8,L. vaccinostercus,HE,AWTT00000000,,Paucilactobacillus,Paucilactobacillus wasatchensis,NR_147709.1,NR_147709,
free living,Lactobacillus,Lactobacillus harbinensis,10.1016/j.syapm.2005.04.001,AHU 1762 = DSM 16991 = JCM 16178 = NBRC 100982 = SBT 10908,2006,Chinese traditional fermented vegetable Suan cai,3.14,53.08,L. perolens,HO,AZFW00000000,,Schleiferilactobacillus,Schleiferilactobacillus harbinensis,NR_041263.1,AB196123,
free living,Lactobacillus,Lactobacillus perolens,10.1016/S0723-2020(99)80042-3,L 532 = DSM 12744 = JCM 12534 = LMG 18936,2000,Orange lemonade,3.31,49.08,L. perolens,HO,AZEC00000000,,Schleiferilactobacillus,Schleiferilactobacillus perolens,NR_029360.1,Y19167,
free living,Lactobacillus,Lactobacillus shenzhenensis,10.1099/ijs.0.041111-0,LY-73 = CCTCC M 2011481 = KACC 16878,2013,Fermented dairy beverage,3.27,56.3,L. perolens,Ho,AVAA00000000,,Schleiferilactobacillus,Schleiferilactobacillus shenzhenensis,NR_118471.1,JX523627,
free living,Lactobacillus,Lactobacillus collinoides,10.1111/j.1365-2672.1972.tb03723.x,ATCC 27612= CCUG 32259 = CIP 103008 = DSM 20515 = JCM 1123 = LMG 9194,1972,Fermenting apple juice,3.62,46.11,L. collinoides,HE,AYYR00000000,,Secundilactobacillus,Secundilactobacillus collinoides,NR_024645.1,NR_024645,
free living,Lactobacillus,Lactobacillus kimchicus,10.1099/ijs.0.017418-0,DCY51 = JCM 15530 = KCTC 12976,2008,Kimchi,2.59,46.59,L. collinoides,HE,AZCX00000000,,Secundilactobacillus,Secundilactobacillus kimchicus,NR_116411.1,EU678893,
free living,Lactobacillus,Lactobacillus malefermentans,10.1111/j.1574-6968.1988.tb13927.x,D2 MF1 = ATCC 49373= CCUG 32206 = CIP 103367 = DSM 5705 = IFO (now NBRC) 15905 = JCM 12497 = LMG 11455 = NCIMB 701410 (formerly NCDO 1410),1953,Sour beer,2.05,41.03,L. collinoides,HE,AZGJ00000000,,Secundilactobacillus,Secundilactobacillus malefermentans,NR_042442.1,AM113783,
free living,Lactobacillus,Lactobacillus mixtipabuli,10.1099/ijs.0.000204,IWT30=JCM 19805=DSM 28580,2015,Silage,2.52,43.7,L. collinoides,HE,BCMF00000000,,Secundilactobacillus,Secundilactobacillus mixtipabuli,NR_135897.1,AB894863,
free living,Lactobacillus,Lactobacillus odoratitofui,10.1099/ijs.0.019307-0,YIT 11304 = BCRC 17810 = DSM 19909 = JCM 15043,2010,Fermented brine used for stinky tofu production,2.76,44.25,L. collinoides,HE,AZEE00000000,,Secundilactobacillus,Secundilactobacillus odoratitofui,NR_112739.1,AB365975,
free living,Lactobacillus,Lactobacillus oryzae,10.1099/ijs.0.048918-0,SG293=JCM 18671=DSM 26518,2013,Fermented rice grain (Oryza sativa L. subsp. japonica),1.85,42.8,L. collinoides,HE,BBJM00000000,,Secundilactobacillus,Secundilactobacillus oryzae,NR_114339.1,AB731660,
free living,Lactobacillus,Lactobacillus paracollinoides,10.1099/ijs.0.02722-0,LA2 = DSM 15502 = JCM 11969,2004,Brewery environment,3.49,46.84,L. collinoides,HE,AZFD00000000,,Secundilactobacillus,Secundilactobacillus paracollinoides,NR_042322.1,AJ786665,
free living,Lactobacillus,Lactobacillus silagei ,10.1099/ijs.0.053124-0,IWT126=JCM 19001=DSM 27022,2013,Silage,2.66,44.85,L. collinoides,HE,BCMG00000000,,Secundilactobacillus,Secundilactobacillus silagei ,NR_114388.1,AB786910,
free living,Lactobacillus,Lactobacillus silagincola,10.1099/ijsem.0.002196,IWT5=JCM 31144=DSM 102973,2017,Silage,2.62,43.1,L. collinoides,HE,BCMJ00000000,,Secundilactobacillus,Secundilactobacillus silagincola,NR_158059.1, LC085283,
free living,Lactobacillus,Lactobacillus similis,10.1099/ijs.0.011551-0,JCM 2765 = LMG 23904,2010,Fermented cane molasses at alcohol plants,3.49,46.99,L. collinoides,HE,AYZM00000000,,Secundilactobacillus,Secundilactobacillus similis,NR_112645.1,AB282889,
free living,Lactobacillus ,Lactobacillus pentosiphilus,10.1099/ijsem.0.002196,IWT25=JCM 31145=DSM 102974,2017,Silage,2.63,44.9,L. collinoides,HE,BCMI00000000,,Secundilactobacillus,Secundilactobacillus pentosiphilus,NR_158060.1,LC085284,
,Leuconostoc,Leuconostoc carnosum,,,,,,,,,CP003851 - CP003853,,,,,,
,Leuconostoc,Leuconostoc citreum,,,,,,,,,DQ489736 - DQ489740,,,,,,
,Leuconostoc,Leuconostoc fallax,,,,,,,,,AEIZ00000000,,,,,,
,Leuconostoc,Leuconostoc gasicomitatum,,,,,,,,,,,,,,,Re-classified to Lc. gelidum ssp. gasicomitatum
,Leuconostoc,Leuconostoc gelidum ssp. aenigmaticum,,,,,,,,,,,,,,,
,Leuconostoc,Leuconostoc gelidum ssp. gasicomitatum,,,,,,,,,FN822744,,,,,,
,Leuconostoc,Leuconostoc gelidum ssp. gelidum,,,,,,,,,AEMI00000000,,,,,,
,Leuconostoc,Leuconostoc holzapfelii,,,,,,,,,NESLE,,,,,,
,Leuconostoc,Leuconostoc inhae,,,,,,,,,AEMJ00000000,,,,,,
,Leuconostoc,Leuconostoc kimchii,,,,,,,,,CP001753 - CP001758,,,,,,
,Leuconostoc,Leuconostoc argentinum,,,,,,,,,,,,,,,Later synonym of Lc. lactis
,Leuconostoc,Leuconostoc lactis,,,,,,,,,AEGQ00000000,,,,,,
,Leuconostoc,Leuconostoc mesenteroides,,,,,,,,,ACKV00000000,,,,,,
,Leuconostoc,Leuconostoc mesenteroides,,,,,,,,,CP012009,,,,,,
,Leuconostoc,Leuconostoc mesenteroides ssp. jonggajibkimchii,,,,,,,,,CP014611,,,,,,
,Leuconostoc,Leuconostoc mesenteroides ssp. mesenteroides,,,,,,,,,"NC_008496, NC_008531",,,,,,
,Leuconostoc,Leuconostoc mesenteroides ssp. suionicum,,,,,,,,,CP015247,,,,,,
,Leuconostoc,Leuconostoc miyukkimchii,,,,,,,,,,,,,,,
,Leuconostoc,Leuconostoc palmae,,,,,,,,,,,,,,,
,Leuconostoc,Leuconostoc pseudomesenteroides,,,,,,,,,CAKV00000000,,,,,,
,Leuconostoc,Leuconostoc rapi,,,,,,,,,,,,,,,
,Oenococcus,Oenococcus alcoholitolerans,,,,,,,,,AXCV00000000,,,,,,
,Oenococcus,Oenococcus kitaharae,,,,,,,,,AFVZ00000000,,,,,,
,Oenococcus,Oenococcus oeni,,,,,,,,,CP000411,,,,,,
,Oenococcus,Oenococcus sicerae,,,,,,,,,CP029684,,,,,,
,Pediococcus,Pediococcus dextrinicus,10.1099/ijs.0.65779-0,,,,,,,,,,Lapidilactobacillus,Lapidilactobacillus dextrinicus,NR_036861.1,,re-named to Lapidilactobacillus dextrinicus
,Pediococcus,Pediococcus cerevisiae ssp. dextrinicus,10.1099/ijs.0.65779-0,,,,,,,,,,Lapidilactobacillus,Lapidilactobacillus dextrinicus,NR_036861.1,,re-named to Lapidilactobacillus dextrinicus
 ,Pediococcus,Pediococcus acidilactici,,,,,,,,,JQAQ00000000,,,,,,
 ,Pediococcus,Pediococcus argentinicus,,,,,,,,,JQCQ00000000,,,,,,
 ,Pediococcus,Pediococcus cellicola,,,,,,,,,JQBR00000000,,,,,,
 ,Pediococcus,Pediococcus claussenii,,,,,,,,,JQBB00000000,,,,,,
 ,Pediococcus,Pediococcus damnosus,,,,,,,,,JQBD00000000,,,,,,
 ,Pediococcus,Pediococcus ethanolidurans,,,,,,,,,JQBY00000000,,,,,,
 ,Pediococcus,Pediococcus inopinatus,,,,,,,,,JQBC00000000,,,,,,
 ,Pediococcus,Pediococcus lolii,,,,,,,,,JQCC00000000,,Pediococcus,Pediococcus acidilactici,,,Later synonym of P. acidilactici
 ,Pediococcus,Pediococcus parvulus,,,,,,,,,BJWE00000000,,,,,,The genome sequence used for analysis is no longer available;  NZ_BJWE00000000 is an alternative genome sequence
 ,Pediococcus,Pediococcus pentosaceus,,,,,,,,,JQBF00000000,,,,,,
 ,Pediococcus,Pediococcus siamensis,,,,,,,,,,,,,,,
 ,Pediococcus,Pediococcus stilesii,,,,,,,,,JQBX00000000,,,,,,
,Weissella,Weissella beninensis,,,,,,,,,,,,,,,
,Weissella,Weissella bombi,,,,,,,,,FMAO00000000,,,,,,
,Weissella,Weissella ceti,,,,,,,,,ANCA00000000,,,,,,
,Weissella,Weissella cibaria,,,,,,,,,AEKT01000001,,,,,,
,Weissella,Weissella confusa,,,,,,,,,JQAY00000000,,,,,,
,Weissella,Weissella cryptocerci,,,,,,,,,CP037940,,,,,,
,Weissella,Weissella diestrammenae,,,,,,,,,,,,,,,
,Weissella,Weissella fabalis,,,,,,,,,,,,,,,
,Weissella,Weissella fabaria,,,,,,,,,,,,,,,
,Weissella,Weissella ghanensis,,,,,,,,,,,,,,,
,Weissella,Weissella halotolerans,,,,,,,,,JQAX00000000,,,,,,
,Weissella,Weissella hellenica,,,,,,,,,FMAW00000000,,,,,,
,Weissella,Weissella jogaejeotgali,,,,,,,,,CP014332,,,,,,
,Weissella,Weissella kandleri,,,,,,,,,JQBP00000000,,,,,,
,Weissella,Weissella koreensis,,,,,,,,,AKGG00000000,,,,,,
,Weissella,Weissella minor,,,,,,,,,JQCD00000000,,,,,,
,Weissella,Weissella oryzae,,,,,,,,,BAWR00000000,,,,,,
,Weissella,Weissella paramesenteroides,,,,,,,,,ACKU00000000,,,,,,
,Weissella,Weissella soli,,,,,,,,,QRAS00000000,,,,,,
,Weissella,Weissella thailandensis,,,,,,,,, HE575133-HE575182,,,,,,
,Weissella,Weissella uvarum,,,,,,,,,,,,,,,
,Weissella,Weissella viridescens,,,,,,,,,JQBM00000000,,,,,,
